ID_INSTRUMENTO;TIPO_DOCUMENTO;DOCUMENTO;PERIODO_AVALIATORIO;URL_DOCUMENTO;OBSERVACOES
CG_001/2018;Relatório da Comissão de Avaliação;1º Relatório da Comissão de Avaliação;2019 - 1/1 a 1/3;https://drive.google.com/file/d/1FGD5RKpMCC9xQnnKhyTykiFsdIwyD3eZ/view;
CG_001/2018;Relatório da Comissão de Monitoramento;1º Relatório da Comissão de Monitoramento;2019 - 1/1 a 1/3;https://drive.google.com/file/d/1evrcg995iToSjwA0Xuf-129dURM2jIer/view;
CG_001/2018;Relatório Gerencial de Resultados;1º Relatório Gerencial de Resultados;2019 - 1/1 a 1/3;https://drive.google.com/file/d/1P8V9AJjn_wWzElzl7XBDL5Mmy1J8l-1N/view;
CG_001/2018;Relatório Gerencial Financeiro;1º Relatório Gerencial Financeiro;2019 - 1/1 a 1/3;https://drive.google.com/file/d/1x53mAkQgFX8MrFSlO9ySxBfrsAtc4Uti/view;
CG_001/2018;Relatório da Comissão de Avaliação;2º Relatório da Comissão de Avaliação;2019 - 1/4 a 1/6;https://drive.google.com/file/d/1_5UbsBDGOpuh5_bX0JxNArMKmHKtgXdI/view;
CG_001/2018;Relatório da Comissão de Monitoramento;2º Relatório da Comissão de Monitoramento;2019 - 1/4 a 1/6;https://drive.google.com/file/d/1y1vgw94Sboc0K7phS2EuWfpTUmc185dZ/view;
CG_001/2018;Relatório Gerencial de Resultados;2º Relatório Gerencial de Resultados;2019 - 1/4 a 1/6;https://drive.google.com/file/d/1VGsKgvjGU_WG_IFdT50Fa5ezjsCJRBPI/view;
CG_001/2018;Relatório Gerencial Financeiro;2º Relatório Gerencial Financeiro;2019 - 1/4 a 1/6;https://drive.google.com/file/d/1Ne2S5J_N_uf6TINMandW5p2l1Dv6YX6D/view;
CG_002/2019;Relatório da Comissão de Avaliação;1º Relatório da Comissão de Avaliação;2019 - 1/3 a 1/5;https://docs.google.com/uc?export=download&id=1H6QdXmeznPoNrZ6eeaW77F5N0sGIQ2w6;
CG_002/2019;Relatório da Comissão de Monitoramento;1º Relatório da Comissão de Monitoramento;2019 - 1/3 a 1/5;https://docs.google.com/uc?export=download&id=1YwVYNZk4d3o4exNJP4A8vnymXdh-B3dM;
CG_002/2019;Relatório Gerencial de Resultados;1º Relatório Gerencial de Resultados;2019 - 1/3 a 1/5;https://docs.google.com/uc?export=download&id=1OIr2q1EI0hzz7Ejzb_mb_kgua2qKfcqY;
CG_002/2019;Relatório Gerencial Financeiro - Recurso Estadual;1º Relatório Gerencial Financeiro - Recurso Estadual;2019 - 1/3 a 1/5;https://docs.google.com/uc?export=download&id=1YfNvz24COURf9zFQs92SAd--xiQ8q8eG;
CG_002/2019;Relatório Gerencial Financeiro - Recurso Federal;1º Relatório Gerencial Financeiro - Recurso Federal;2019 - 1/3 a 1/5;https://docs.google.com/uc?export=download&id=1ihH_lx7EY7c1wpDm8Mo_hO8jXGbKQGzn;
CG_002/2019;Relatório da Comissão de Avaliação;2º Relatório da Comissão de Avaliação;2019 - 1/6 a 1/8;https://docs.google.com/uc?export=download&id=1krzeZkC2yhRyYD1gfcE9VWKZ50GWb4kg;
CG_002/2019;Relatório da Comissão de Monitoramento;2º Relatório da Comissão de Monitoramento;2019 - 1/6 a 1/8;https://docs.google.com/uc?export=download&id=13ensExi6BavlRZwfz8L5VK8LQmDVYCMi;
CG_002/2019;Relatório Gerencial de Resultados;2º Relatório Gerencial de Resultados;2019 - 1/6 a 1/8;https://docs.google.com/uc?export=download&id=1DGPsVOiOLzHYMNNBbsKiQJTIBM2KVAyk;
CG_002/2019;Relatório Gerencial Financeiro - Recurso Estadual;2º Relatório Gerencial Financeiro - Recurso Estadual;2019 - 1/6 a 1/8;https://docs.google.com/uc?export=download&id=1YmyiHCQ26JT8spBl9oLKDS0Tb43KYQKT;
CG_002/2019;Relatório Gerencial Financeiro - Recurso Federal;2º Relatório Gerencial Financeiro - Recurso Federal;2019 - 1/6 a 1/8;https://docs.google.com/uc?export=download&id=1SQohYkdWBVVeAFTEnXvEuUc0WcnYKnL4;
CG_002/2019;Relatório da Comissão de Avaliação;3º Relatório da Comissão de Avaliação;2019 - 1/9 a 1/11;https://docs.google.com/uc?export=download&id=1Zy8JINm_tKuF1qA1TbTzHIymYQjU2Hy1;
CG_002/2019;Relatório da Comissão de Monitoramento;3º Relatório da Comissão de Monitoramento;2019 - 1/9 a 1/11;https://docs.google.com/uc?export=download&id=1LhtA5Gk1oH5JcoNAh3uMgGd-B6oWfKUP;
CG_002/2019;Relatório Gerencial de Resultados;3º Relatório Gerencial de Resultados;2019 - 1/9 a 1/11;https://docs.google.com/uc?export=download&id=1DpJkmcE8BZzm5nl0qU1IF-4JwQb1FIfD;
CG_002/2019;Relatório Gerencial Financeiro - Recurso Estadual;3º Relatório Gerencial Financeiro - Recurso Estadual;2019 - 1/9 a 1/11;https://docs.google.com/uc?export=download&id=1Z1EhHJCJlQXajVeNjvsWojlIel1Y7r1B;
CG_002/2019;Relatório Gerencial Financeiro - Recurso Federal;3º Relatório Gerencial Financeiro - Recurso Federal;2019 - 1/9 a 1/11;https://docs.google.com/uc?export=download&id=1cN0bhVKWHTB4p1w6DQHczQ68y2abWiD_;
CG_002/2019;Relatório da Comissão de Avaliação;4º Relatório da Comissão de Avaliação;2019 - 1/12 a 1/12;https://docs.google.com/uc?export=download&id=1Zy8JINm_tKuF1qA1TbTzHIymYQjU2Hy1;
CG_002/2019;Relatório da Comissão de Monitoramento;4º Relatório da Comissão de Monitoramento;2019 - 1/12 a 1/12;https://docs.google.com/uc?export=download&id=19lYxehxz24xt_Dm8ACeCgBi1YblX8oI9;
CG_002/2019;Relatório Gerencial de Resultados;4º Relatório Gerencial de Resultados;2019 - 1/12 a 1/12;https://docs.google.com/uc?export=download&id=1HSKYfqz4f5tFtXpp67KOrA0W7ADPDc1i;
CG_002/2019;Relatório Gerencial Financeiro - Recurso Estadual;4º Relatório Gerencial Financeiro - Recurso Estadual;2019 - 1/12 a 1/12;https://docs.google.com/uc?export=download&id=1faXlydiRCmjJlHzd5xsiIfcHy4FYQH94;
CG_002/2019;Relatório Gerencial Financeiro - Recurso Federal;4º Relatório Gerencial Financeiro - Recurso Federal;2019 - 1/12 a 1/12;https://docs.google.com/uc?export=download&id=18mLAaKXgcWqxG3HOJP0mqfGSCm8TCjTD;
CG_002/2019;Relatório da Comissão de Avaliação;5º Relatório da Comissão de Avaliação;2020 - 1/1 a 1/3;https://docs.google.com/uc?export=download&id=1Zy8JINm_tKuF1qA1TbTzHIymYQjU2Hy11;
CG_002/2019;Relatório da Comissão de Monitoramento;5º Relatório da Comissão de Monitoramento;2020 - 1/1 a 1/3;https://docs.google.com/uc?export=download&id=17AR7GCIx9z0RyNHIBlKGzb0CMdgspM5h;
CG_002/2019;Relatório Gerencial de Resultados;5º Relatório Gerencial de Resultados;2020 - 1/1 a 1/3;https://docs.google.com/uc?export=download&id=14nIcXKnjuSsz5MBwU4jilr4K_Acfhvnj;
CG_002/2019;Relatório Gerencial Financeiro - Recurso Estadual;5º Relatório Gerencial Financeiro - Recurso Estadual;2020 - 1/1 a 1/3;https://drive.google.com/file/d/1f1HTiudAdpJoWPDmJIa9uxDbnBw_qIig/view?usp=sharing;
CG_002/2019;Relatório Gerencial Financeiro - Recurso Federal;5º Relatório Gerencial Financeiro - Recurso Federal;2020 - 1/1 a 1/3;https://drive.google.com/file/d/1f1HTiudAdpJoWPDmJIa9uxDbnBw_qIig/view?usp=sharingg;
CG_002/2019;Relatório da Comissão de Avaliação;6º Relatório da Comissão de Avaliação;2020 - 1/4 a 1/6;https://docs.google.com/uc?export=download&id=1Zy8JINm_tKuF1qA1TbTzHIymYQjU2Hy1;
CG_002/2019;Relatório da Comissão de Monitoramento;6º Relatório da Comissão de Monitoramento;2020 - 1/4 a 1/6;https://docs.google.com/uc?export=download&id=17cTwGHyMwylP5fg9lJp6JMTy-oC2ezgs;
CG_002/2019;Relatório Gerencial de Resultados;6º Relatório Gerencial de Resultados;2020 - 1/4 a 1/6;https://docs.google.com/uc?export=download&id=1WPOOp4HFha3g5AGheM87B1WTK6CIwWFY;
CG_002/2019;Relatório Gerencial Financeiro - Recurso Estadual;6º Relatório Gerencial Financeiro - Recurso Estadual;2020 - 1/4 a 1/6;https://docs.google.com/uc?export=download&id=17kvGGtoIdDtMQz0dJHVcj5zARp0IK0q6;
CG_002/2019;Relatório Gerencial Financeiro - Recurso Federal;6º Relatório Gerencial Financeiro - Recurso Federal;2020 - 1/4 a 1/6;https://docs.google.com/uc?export=download&id=1FYyfBProxpmEZdELcgvVVm8dFzlZtN48;
CG_002/2019;Relatório da Comissão de Avaliação;7º Relatório da Comissão de Avaliação;2020 - 1/7 a 1/9;https://docs.google.com/uc?export=download&id=1Zy8JINm_tKuF1qA1TbTzHIymYQjU2Hy1;
CG_002/2019;Relatório da Comissão de Monitoramento;7º Relatório da Comissão de Monitoramento;2020 - 1/7 a 1/9;https://docs.google.com/uc?export=download&id=1LYEOEOJkpU3QOx5D72bqvt4QQJy7cN4z;
CG_002/2019;Relatório Gerencial de Resultados;7º Relatório Gerencial de Resultados;2020 - 1/7 a 1/9;https://docs.google.com/uc?export=download&id=15gtWg0iMEfIMI-5vnX7dSsIQi4SlW1aO;
CG_002/2019;Relatório Gerencial Financeiro - Recurso Estadual;7º Relatório Gerencial Financeiro - Recurso Estadual;2020 - 1/7 a 1/9;https://docs.google.com/uc?export=download&id=1yIbDf3xF_-BnqiTjfyliaLqFQw1HfIPv;
CG_002/2019;Relatório Gerencial Financeiro - Recurso Federal;7º Relatório Gerencial Financeiro - Recurso Federal;2020 - 1/7 a 1/9;https://docs.google.com/uc?export=download&id=1DlDj4_CBKLtooEYzT6CeqJTuNoHzGyvE;
CG_002/2019;Relatório da Comissão de Avaliação;8º Relatório da Comissão de Avaliação;2020 - 1/10 a 1/12;https://drive.google.com/file/d/11WkAhOBZYi3cfKxctMIqdQAe-YZUnGqf/view?usp=sharing;
CG_002/2019;Relatório da Comissão de Monitoramento;8º Relatório da Comissão de Monitoramento;2020 - 1/10 a 1/12;https://docs.google.com/uc?export=download&id=142XTAr_6VgstcGJuOLUQm8q6hzzkWFtm;
CG_002/2019;Relatório Gerencial de Resultados;8º Relatório Gerencial de Resultados;2020 - 1/10 a 1/12;https://docs.google.com/uc?export=download&id=1EW_Izy0hmIAGX5KFjiqMQNYazD4_Qn7d;
CG_002/2019;Relatório Gerencial Financeiro - Recurso Estadual;8º Relatório Gerencial Financeiro - Recurso Estadual;2020 - 1/10 a 1/12;https://docs.google.com/uc?export=download&id=1vrNTgejxV06lnjrPwsLKpoflFGqdjQT_;
CG_002/2019;Relatório Gerencial Financeiro - Recurso Federal;8º Relatório Gerencial Financeiro - Recurso Federal;2020 - 1/10 a 1/12;https://docs.google.com/uc?export=download&id=11eO5E_fghz0TOOE13QpGoCiqrtacB37D;
CG_002/2019;Relatório da Comissão de Avaliação;9º Relatório da Comissão de Avaliação;2021 - 1/1 a 1/3;https://docs.google.com/uc?export=download&id=1CaeV6z9v3epjzYNW5xW31eOESb3el2GI;
CG_002/2019;Relatório da Comissão de Monitoramento;9º Relatório da Comissão de Monitoramento;2021 - 1/1 a 1/3;https://docs.google.com/uc?export=download&id=1poKvQnjvwCO2KY0o2hXk6NcFy3p-MfqU;
CG_002/2019;Relatório Gerencial de Resultados;9º Relatório Gerencial de Resultados;2021 - 1/1 a 1/3;https://docs.google.com/uc?export=download&id=1poKvQnjvwCO2KY0o2hXk6NcFy3p-MfqU;
CG_002/2019;Relatório Gerencial Financeiro;9º Relatório Gerencial Financeiro;2021 - 1/1 a 1/3;https://docs.google.com/uc?export=download&id=1MMcdZXFEMshBy-pTe_ECH3nx5L1hCpoy;
CG_002/2019;Relatório da Comissão de Avaliação;10º Relatório da Comissão de Avaliação;2021 - 1/4 a 1/6;https://docs.google.com/uc?export=download&id=13q2RvTGiPoz2nzu3E9lrlgtdZdIfwqoH;
CG_002/2019;Relatório da Comissão de Monitoramento;10º Relatório da Comissão de Monitoramento;2021 - 1/4 a 1/6;https://docs.google.com/uc?export=download&id=10bt-SNKE7eaJkUhXlRmHW81ySssakJPr;
CG_002/2019;Relatório Gerencial de Resultados;10º Relatório Gerencial de Resultados;2021 - 1/4 a 1/6;https://docs.google.com/uc?export=download&id=1Ji4KFkDf3zXNxg83r06alwQEq8ek_iEv;
CG_002/2019;Relatório da Comissão de Monitoramento;11º Relatório da Comissão de Monitoramento;2021 - 1/7 a 1/9;https://docs.google.com/uc?export=download&id=10tFYFGWraL33OV8YsziyT5gDd7IfjIcU;
CG_002/2019;Relatório Gerencial de Resultados;11º Relatório Gerencial de Resultados;2021 - 1/7 a 1/9;https://docs.google.com/uc?export=download&id=10kJJsFwIKwMuIftwWFR1CqO7OWru5H5h;
CG_002/2019;Relatório Gerencial Financeiro - Recurso CEAPA;11º Relatório Gerencial Financeiro - Recurso CEAPA;2021 - 1/7 a 1/9;https://docs.google.com/uc?export=download&id=114058314281319719136&rtpof=true&sd=true;
CG_002/2019;Relatório Gerencial Financeiro - Recurso Estadual;11º Relatório Gerencial Financeiro - Recurso Estadual;2021 - 1/7 a 1/9;https://docs.google.com/uc?export=download&id=114058314281319719136&rtpof=true&sd=truee;
CG_002/2019;Relatório Gerencial Financeiro - Recurso PRESP;11º Relatório Gerencial Financeiro - Recurso PRESP;2021 - 1/7 a 1/9;https://docs.google.com/uc?export=download&id=114058314281319719136&rtpof=true&sd=true;
CG_002/2019;Relatório da Comissão de Avaliação;11º Relatório da Comissão de Avaliação;2021 - 1/7 a 1/9;https://docs.google.com/uc?export=download&id=1r7vTeryn0cIuz7um89XdLLZehYrPpwLK;
CG_002/2019;Relatório da Comissão de Avaliação;12º Relatório da Comissão de Avaliação;2021 - 1/10 a 1/12;https://docs.google.com/uc?export=download&id=1r7vTeryn0cIuz7um89XdLLZehYrPpwLK;
CG_002/2019;Relatório da Comissão de Monitoramento;12º Relatório da Comissão de Monitoramento;2021 - 1/10 a 1/12;https://docs.google.com/uc?export=download&id=1cGXeSezzRrPJwb1l0io2XtIxWYgauEsV;
CG_002/2019;Relatório Gerencial de Resultados;12º Relatório Gerencial de Resultados;2021 - 1/10 a 1/12;https://docs.google.com/uc?export=download&id=1lCNj09ZkgFrreMzPS3Q6YYHjuQiYq7x8;
CG_002/2019;Relatório Gerencial Financeiro - Recurso CEAPA;12º Relatório Gerencial Financeiro - Recurso CEAPA;2021 - 1/10 a 1/12;http://www.seguranca.mg.gov.br/images/Instituto_elo/contrato_gestao_02_2019/12_rgf_Ceapa.xlsx;
CG_002/2019;Relatório Gerencial Financeiro - Recurso Estadual;12º Relatório Gerencial Financeiro - Recurso Estadual;2021 - 1/10 a 1/12;http://www.seguranca.mg.gov.br/images/Instituto_elo/contrato_gestao_02_2019/12_RGF.xlsx;
CG_002/2019;Relatório Gerencial Financeiro - Recurso PRESP;12º Relatório Gerencial Financeiro - Recurso PRESP;2021 - 1/10 a 1/12;http://www.seguranca.mg.gov.br/images/Instituto_elo/contrato_gestao_02_2019/12_RGF_Presp.xlsx;
CG_002/2019;Relatório Gerencial de Resultados;13º Relatório Gerencial de Resultados;2022 - 1/1 a 1/3;http://www.seguranca.mg.gov.br/images/seds_docs/Prevencao/14A__RGR.pdf;
CG_002/2019;Relatório Gerencial Financeiro - Recurso Estadual;13º Relatório Gerencial Financeiro - Recurso Estadual;2022 - 1/1 a 1/3;http://www.seguranca.mg.gov.br/images/seds_docs/Prevencao/14%20%20Relatrio%20Gerencial%20Financeiro%20A%20-%20recurso%20estadual.pdf;
CG_002/2019;Relatório Gerencial Financeiro - Recurso CEAPA;13º Relatório Gerencial Financeiro - Recurso CEAPA;2022 - 1/1 a 1/3;http://www.seguranca.mg.gov.br/images/seds_docs/Prevencao/14%20Relatrio%20Gerencial%20Financeiro%20B%20-%20CEAPA.pdf;
CG_002/2019;Relatório Gerencial Financeiro - Recurso PRESP;13º Relatório Gerencial Financeiro - Recurso PRESP;2022 - 1/1 a 1/3;http://www.seguranca.mg.gov.br/images/seds_docs/Prevencao/14%20Relatrio%20Gerencial%20Financeiro%20C%20-%20PRESP.xlsx;
CG_002/2019;Relatório Gerencial Financeiro - Recurso FUNEMP;13º Relatório Gerencial Financeiro - Recurso FUNEMP;2022 - 1/1 a 1/3;http://www.seguranca.mg.gov.br/images/seds_docs/Prevencao/14%20Relatrio%20Gerencial%20Financeiro%20D%20-%20FUNEMP.xlsx;
CG_002/2019;Relatório da Comissão de Monitoramento;13º Relatório da Comissão de Monitoramento;2022 - 1/1 a 1/3;https://docs.google.com/uc?export=download&id=1MuoNmbubui125fIzvd6o0QDgu1CKi5y5;
CG_002/2019;Relatório da Comissão de Avaliação;13º Relatório da Comissão de Avaliação;2022 - 1/1 a 1/3;https://docs.google.com/uc?export=download&id=1Cure-Teazhy49uBA7O-vdN2yIfb-qnTC;
CG_002/2019;Relatório Gerencial de Resultados;14º Relatório Gerencial de Resultados;2022 - 1/4 a 1/6;http://www.seguranca.mg.gov.br/images/seds_docs/Prevencao/14A__RGR.pdf;
CG_002/2019;Relatório Gerencial Financeiro - Recurso Estadual;14º Relatório Gerencial Financeiro - Recurso Estadual;2022 - 1/4 a 1/6;http://www.seguranca.mg.gov.br/images/seds_docs/Prevencao/14%20Relatrio%20Gerencial%20Financeiro%20A%20-%20recurso%20estadual.xlsx;
CG_002/2019;Relatório Gerencial Financeiro - Recurso CEAPA;14º Relatório Gerencial Financeiro - Recurso CEAPA;2022 - 1/4 a 1/6;http://www.seguranca.mg.gov.br/images/seds_docs/Prevencao/14%20Relatrio%20Gerencial%20Financeiro%20B%20-%20CEAPA.xlsx;
CG_002/2019;Relatório Gerencial Financeiro - Recurso PRESP;14º Relatório Gerencial Financeiro - Recurso PRESP;2022 - 1/4 a 1/6;http://www.seguranca.mg.gov.br/images/seds_docs/Prevencao/14%20Relatrio%20Gerencial%20Financeiro%20C%20-%20PRESP.xlsx;
CG_002/2019;Relatório Gerencial Financeiro - Recurso FUNEMP;14º Relatório Gerencial Financeiro - Recurso FUNEMP;2022 - 1/4 a 1/6;http://www.seguranca.mg.gov.br/images/seds_docs/Prevencao/14%20Relatrio%20Gerencial%20Financeiro%20D%20-%20FUNEMP.xlsx;
CG_002/2019;Relatório da Comissão de Monitoramento;14º Relatório da Comissão de Monitoramento;2022 - 1/4 a 1/6;http://www.seguranca.mg.gov.br/images/seds_docs/Prevencao/SEI_GOVMG%20-%2051451326%20-%20Relatrio%20de%20Monitoramento%2014%20PA.pdf;
CG_002/2019;Relatório da Comissão de Avaliação;14º Relatório da Comissão de Avaliação;2022 - 1/4 a 1/6;http://www.seguranca.mg.gov.br/images/seds_docs/Prevencao/SEI_GOVMG%20-%2051828240%20-%20Relatrio%20Comisso%20de%20Avaliao%2014%20PA.pdf;
CG_002/2019;Relatório Gerencial de Resultados;15º Relatório Gerencial de Resultados;2022 - 1/7 a 30/9;http://www.seguranca.mg.gov.br/images/seds_docs/Prevencao/RGR%20-%2015%20PA_assinado.pdf;
CG_002/2019;Relatório Gerencial Financeiro - Recurso Estadual;15º Relatório Gerencial Financeiro - Recurso Estadual;2022 - 1/7 a 30/9;http://www.seguranca.mg.gov.br/images/seds_docs/Prevencao/Relatrio%20Gerencial%20Financeiro%20ESTADUAL%2015%20Perodo%20Avaliatrio%20Sem%20Lista%20Pessoal.pdf;
CG_002/2019;Relatório Gerencial Financeiro - Recurso PRESP;15º Relatório Gerencial Financeiro - Recurso PRESP;2022 - 1/7 a 30/9;http://www.seguranca.mg.gov.br/images/seds_docs/Prevencao/Relatrio%20Gerencial%20Financeiro%20PRESP%20-%2015%20Perodo%20Avaliatrio%20Sem%20Lista%20Pessoal.pdf;
CG_002/2019;Relatório Gerencial Financeiro - Recurso FUNEMP;15º Relatório Gerencial Financeiro - Recurso FUNEMP;2022 - 1/7 a 30/9;http://www.seguranca.mg.gov.br/images/seds_docs/Prevencao/Relatrio%20Gerencial%20Financeiro%20FUNEMP%20-%2015%20Perodo%20Avaliatrio%20Sem%20LIsta%20Pessoal.pdf;
CG_002/2019;Relatório de Monitoramento;15º Relatório de Monitoramento;2022 - 1/7 a 30/9;http://www.seguranca.mg.gov.br/images/seds_docs/Prevencao/SEI_GOVMG%20-%2054980315%20-%20Relatrio%20de%20Monitoramento%2015%20PA.pdf;
CG_002/2019;Relatório da Comissão de Avaliação;15º Relatório da Comissão de Avaliação;2022 - 1/7 a 30/9;http://www.seguranca.mg.gov.br/images/seds_docs/Prevencao/Relatorio%20Comissao%2015%20PA.pdf;
CG_003/2019;Relatório da Comissão de Avaliação;1º Relatório da Comissão de Avaliação;2019 - 27/6 a 30/9;https://drive.google.com/file/d/1Li_dEjb3YeK0pe4Yy9jvI0msRcc4F4aM/view;
CG_003/2019;Relatório da Comissão de Monitoramento;1º Relatório da Comissão de Monitoramento;2019 - 27/6 a 30/9;https://drive.google.com/file/d/1gAkGPXhNuvrbzayTpie95q-ils8UK8S0/view;
CG_003/2019;Relatório Gerencial de Resultados;1º Relatório Gerencial de Resultados;2019 - 27/6 a 30/9;https://drive.google.com/file/d/1E8lYf6oMPF5z2Fq7K0OayeWzDFvPKLVi/view;
CG_003/2019;Relatório Gerencial Financeiro;1º Relatório Gerencial Financeiro;2019 - 27/6 a 30/9;https://docs.google.com/spreadsheets/d/1TGrwUBqlDl40V2qDfa58qct_ecj4Y5AO/edit#gid=554537015;
CG_003/2019;Relatório da Comissão de Avaliação;2º Relatório da Comissão de Avaliação;2019 - 1/10 a 23/12;https://drive.google.com/file/d/12ISkqaxChEOfktLxJphaXucKym_USFMZ/view;
CG_003/2019;Relatório da Comissão de Monitoramento;2º Relatório da Comissão de Monitoramento;2019 - 1/10 a 23/12;https://drive.google.com/file/d/1FLX4V8QP9dfR4V6EgnO64eUWLu-q-mGO/view;
CG_003/2019;Relatório Gerencial de Resultados;2º Relatório Gerencial de Resultados;2019 - 1/10 a 23/12;https://drive.google.com/file/d/1oyqlIGdRJZfLB5CPlhfsAjbbhtZ9h-lP/view;
CG_003/2019;Relatório Gerencial Financeiro;2º Relatório Gerencial Financeiro;2019 - 1/10 a 23/12;https://docs.google.com/spreadsheets/d/1p0GCJOL-J2pnAq3ZjGtKs93Vg3FEmc4b/edit#gid=1516766195;
CG_004/2019;Relatório da Comissão de Avaliação;1º Relatório da Comissão de Avaliação;2020 - 1/1 a 1/3;https://drive.google.com/file/d/1AdTUzqhqoaPJNB-VUd_m0TvxGAzTCDFV/view;
CG_004/2019;Relatório da Comissão de Monitoramento;1º Relatório da Comissão de Monitoramento;2020 - 1/1 a 1/3;https://drive.google.com/file/d/1fripry6TyJYxHLre4oP6ZMic5EIHFzEo/view;
CG_004/2019;Relatório Gerencial de Resultados;1º Relatório Gerencial de Resultados;2020 - 1/1 a 1/3;https://drive.google.com/file/d/1GQVuMVT8GvSJaDU8YdaNHFTvASVjnN9W/view;
CG_004/2019;Relatório Gerencial Financeiro;1º Relatório Gerencial Financeiro;2020 - 1/1 a 1/3;https://docs.google.com/spreadsheets/d/1QfLlQvUXMaYvuQApyjnpmZxJqPw3mIqj/edit?usp=drive_web&ouid=116447039798382369027&rtpof=true;
CG_004/2019;Relatório da Comissão de Avaliação;2º Relatório da Comissão de Avaliação;2020 - 1/4 a 1/6;https://drive.google.com/file/d/1l6A-HClgcXJssWSj2wGzNAOMwVHugBVD/view;
CG_004/2019;Relatório da Comissão de Monitoramento;2º Relatório da Comissão de Monitoramento;2020 - 1/4 a 1/6;https://drive.google.com/file/d/1Mg_66UG1hriQKTpv4jYJR-Sae0zbJzua/view;
CG_004/2019;Relatório Gerencial de Resultados;2º Relatório Gerencial de Resultados;2020 - 1/4 a 1/6;https://drive.google.com/file/d/1E-L9kfC5qbZFdq8AXZV5dftXcqlv1Pv9/view;
CG_004/2019;Relatório Gerencial Financeiro;2º Relatório Gerencial Financeiro;2020 - 1/4 a 1/6;https://docs.google.com/spreadsheets/d/1ixASK07dsXMRiy0bARlsMJx5fv-NjNXs/edit?usp=drive_web&ouid=116447039798382369027&rtpof=true;
CG_005/2019;Relatório da Comissão de Avaliação;1º Relatório da Comissão de Avaliação;2020 - 1/1 a 1/3;https://drive.google.com/file/d/1FwFfInNhVqDC-CiQp0dovLauwgBAcNBk/view;
CG_005/2019;Relatório da Comissão de Monitoramento;1º Relatório da Comissão de Monitoramento;2020 - 1/1 a 1/3;https://drive.google.com/file/d/1FD9wq3gqi2DswruXkVf7NUzKVq_V8Jw6/view;
CG_005/2019;Relatório Gerencial de Resultados;1º Relatório Gerencial de Resultados;2020 - 1/1 a 1/3;https://drive.google.com/file/d/1de0XaREV-_HFf5wdk6ZOp1pjqbOgdaca/view;
CG_005/2019;Relatório Gerencial Financeiro;1º Relatório Gerencial Financeiro;2020 - 1/1 a 1/3;https://drive.google.com/file/d/1w2FFxoevIWOpv4c1XdboTJmm5XU0S06b/view;
CG_005/2019;Relatório Gerencial Financeiro - Planilha;1º Relatório Gerencial Financeiro - Planilha;2020 - 1/1 a 1/3;https://drive.google.com/file/d/14qE4qiMdiIQqIOjVHhYMupYT531aaRUO/view;
CG_005/2019;Relatório da Comissão de Avaliação;2º Relatório da Comissão de Avaliação;2020 - 1/4 a 1/6;https://drive.google.com/file/d/1vbdMmnFQhwjVKKLVmFBkcYHGEJBDp5M_/view;
CG_005/2019;Relatório da Comissão de Monitoramento;2º Relatório da Comissão de Monitoramento;2020 - 1/4 a 1/6;https://drive.google.com/file/d/1DqV-jyxlEkHERxqHUrxkeF1vebu79MnP/view;
CG_005/2019;Relatório Gerencial de Resultados;2º Relatório Gerencial de Resultados;2020 - 1/4 a 1/6;https://drive.google.com/file/d/1vLRmZZztnbh1oO1S41Z9JWI890xZup77/view;
CG_005/2019;Relatório Gerencial Financeiro;2º Relatório Gerencial Financeiro;2020 - 1/4 a 1/6;https://drive.google.com/file/d/1YoRqrZtD4V2BNFjIQ3xDSgLhZwhR8WsQ/view;
CG_005/2019;Relatório Gerencial Financeiro - Planilha;2º Relatório Gerencial Financeiro - Planilha;2020 - 1/4 a 1/6;https://drive.google.com/file/d/1YoRqrZtD4V2BNFjIQ3xDSgLhZwhR8WsQ/view;
CG_005/2019;Relatório da Comissão de Avaliação;3º Relatório da Comissão de Avaliação;2020 - 1/7 a 1/9;https://drive.google.com/file/d/1eWW3EvXghx4vJK_5EyElT2qfrZsWpqDo/view;
CG_005/2019;Relatório da Comissão de Monitoramento;3º Relatório da Comissão de Monitoramento;2020 - 1/7 a 1/9;https://drive.google.com/file/d/1OyTv69qhDUcXg9RyZC-_mEiMAkod33rR/view;
CG_005/2019;Relatório Gerencial de Resultados;3º Relatório Gerencial de Resultados;2020 - 1/7 a 1/9;https://drive.google.com/file/d/1C13XDQUY3FAIDwFujqI_MuG1Uh1xh9kD/view;
CG_005/2019;Relatório Gerencial Financeiro;3º Relatório Gerencial Financeiro;2020 - 1/7 a 1/9;https://drive.google.com/file/d/1l1eJ4dksHBGM-i6g6Sr4X8W8rzIUbf1f/view;
CG_005/2019;Relatório Gerencial Financeiro - Planilha;3º Relatório Gerencial Financeiro - Planilha;2020 - 1/7 a 1/9;https://drive.google.com/file/d/1VGZ4TBRKW2XI8dizfPrAobBaZj8L8xdR/view;
CG_005/2019;Relatório da Comissão de Avaliação;4º Relatório da Comissão de Avaliação;2020 - 1/10 a 1/12;https://drive.google.com/file/d/1O-CrGrRLmzHNO84v5_Oej6bBvuOOpgxi/view;
CG_005/2019;Relatório da Comissão de Monitoramento;4º Relatório da Comissão de Monitoramento;2020 - 1/10 a 1/12;https://drive.google.com/file/d/1pQ6iG2_JIUFENox__9cp_yb6zzlEQo0C/view;
CG_005/2019;Relatório Gerencial de Resultados;4º Relatório Gerencial de Resultados;2020 - 1/10 a 1/12;https://drive.google.com/file/d/19sWBaW80ZCqN4akLOFPlICAfotXtY-RV/view;
CG_005/2019;Relatório Gerencial Financeiro;4º Relatório Gerencial Financeiro;2020 - 1/10 a 1/12;https://drive.google.com/file/d/1SsNdp9AZ2a3WoTtUR0Gy7KKSb1BgLT2n/view;
CG_005/2019;Relatório Gerencial Financeiro - Planilha;4º Relatório Gerencial Financeiro - Planilha;2020 - 1/10 a 1/12;https://drive.google.com/file/d/1uXPzYfilujFg1R-xCECleE1uD4mKmRag/view;
CG_005/2019;Relatório da Comissão de Avaliação;5º Relatório da Comissão de Avaliação;2021 - 1/1 a 1/3;https://drive.google.com/file/d/1jYLzZMmMFAxreLPm8Ol1envQgvMwKqQf/view;
CG_005/2019;Relatório da Comissão de Monitoramento;5º Relatório da Comissão de Monitoramento;2021 - 1/1 a 1/3;https://drive.google.com/file/d/1C2ZXc0CKWP8nc0taIR0FybBSmdMxvC4W/view;
CG_005/2019;Relatório Gerencial de Resultados;5º Relatório Gerencial de Resultados;2021 - 1/1 a 1/3;https://drive.google.com/file/d/1PRiiM4wwXYfCIubCxUtdzs_C1H-H9yNp/view;
CG_005/2019;Relatório Gerencial Financeiro;5º Relatório Gerencial Financeiro;2021 - 1/1 a 1/3;https://drive.google.com/file/d/1L98WHsICpVRoFM_n3HHKP8XBmHIzM_fI/view;
CG_005/2019;Relatório Gerencial Financeiro - Planilha;5º Relatório Gerencial Financeiro - Planilha;2021 - 1/1 a 1/3;https://drive.google.com/file/d/1cMoQlXRuHBorq7jJrmISLvQIp8pT_KA7/view;
CG_005/2019;Relatório da Comissão de Avaliação;6º Relatório da Comissão de Avaliação;2021 - 1/4 a 1/6;https://drive.google.com/file/d/196gyEjZRXDHR1LeqPtQWbCSQiOMRKlOn/view?usp=sharing;
CG_005/2019;Relatório da Comissão de Monitoramento;6º Relatório da Comissão de Monitoramento;2021 - 1/4 a 1/6;https://drive.google.com/file/d/1S7TptJShzjF7cBsyT_g2_gErxNDOMQIL/view?usp=sharing;
CG_005/2019;Relatório Gerencial de Resultados;6º Relatório Gerencial de Resultados;2021 - 1/4 a 1/6;https://drive.google.com/file/d/1O8mfabyRp4Mb7VZD1axB8qNiZWgw0XTG/view?usp=sharing;
CG_005/2019;Relatório Gerencial Financeiro;6º Relatório Gerencial Financeiro;2021 - 1/4 a 1/6;https://drive.google.com/file/d/1hF0Xvtc0aGneX0Z-0Xg3Pc0YEFTxAimM/view?usp=sharing;
CG_005/2019;Relatório Gerencial Financeiro - Planilha;6º Relatório Gerencial Financeiro - Planilha;2021 - 1/4 a 1/6;https://docs.google.com/spreadsheets/d/1U2QVDOR35TXjzxGrJSBLpbWPZLrIR1nv/edit?usp=sharing&ouid=101230842920004255495&rtpof=true&sd=true;
CG_005/2019;Relatório da Comissão de Avaliação;7º Relatório da Comissão de Avaliação;2021 - 1/7 a 1/9;https://fcs.mg.gov.br/wp-content/uploads/2021/10/SEI_GOVMG-37312781-Relatorio-de-Avaliacao-7o-PA.pdf;
CG_005/2019;Relatório da Comissão de Monitoramento;7º Relatório da Comissão de Monitoramento;2021 - 1/7 a 1/9;https://fcs.mg.gov.br/wp-content/uploads/2021/10/7o-Relatorio-de-Monitoramento-do-CG052019-Doc-SEI-37083987-1.pdf;
CG_005/2019;Relatório Gerencial de Resultados;7º Relatório Gerencial de Resultados;2021 - 1/7 a 1/9;https://fcs.mg.gov.br/wp-content/uploads/2021/10/7o-RelatorioGerencialdeResultados_julhoaset2021.docx-1.pdf;
CG_005/2019;Relatório Gerencial Financeiro;7º Relatório Gerencial Financeiro;2021 - 1/7 a 1/9;https://fcs.mg.gov.br/wp-content/uploads/2021/10/RelatorioGerencialFinanceiroOSvr.1.3fcs-appa16.pdf;
CG_005/2019;Relatório Gerencial Financeiro - Planilha;7º Relatório Gerencial Financeiro - Planilha;2021 - 1/7 a 1/9;https://docs.google.com/spreadsheets/d/1srqa5L__yg93p53ndiKGzCe2NksgJE25/edit#gid=1133333847;
CG_005/2019;Relatório da Comissão de Avaliação;8º Relatório da Comissão de Avaliação;2021 - 1/10 a 31/12;https://fcs.mg.gov.br/wp-content/uploads/2022/02/8o-Relatorio-de-Avaliacao-CG-052019.pdf;
CG_005/2019;Relatório da Comissão de Monitoramento;8º Relatório da Comissão de Monitoramento;2021 - 1/10 a 31/12;https://fcs.mg.gov.br/wp-content/uploads/2022/01/8o-Relatorio-de-Monitoramento-CG-052019.pdf;
CG_005/2019;Relatório Gerencial de Resultados;8º Relatório Gerencial de Resultados;2021 - 1/10 a 31/12;https://fcs.mg.gov.br/wp-content/uploads/2022/01/8oRelatorio-Gerencial-de-Resultados_out-a-dez-2021.pdf;
CG_005/2019;Relatório Gerencial Financeiro;8º Relatório Gerencial Financeiro;2021 - 1/10 a 31/12;https://fcs.mg.gov.br/wp-content/uploads/2022/01/RelatorioGerencialFinanceiroOSvr.1.3fcs-appa8-Retificado.pdf;
CG_005/2019;Relatório Gerencial Financeiro - Planilha;8º Relatório Gerencial Financeiro - Planilha;2021 - 1/10 a 31/12;https://fcs.mg.gov.br/wp-content/uploads/2022/01/Relatorio-Gerencial-Financeiro-OS-vr.1.3-fcs-appa-8-Retificado.xlsx;
CG_005/2019;Relatório da Comissão de Avaliação;9º Relatório da Comissão de Avaliação;2022 - 1/1 a 31/3;https://fcs.mg.gov.br/wp-content/uploads/2022/05/9o-Relatorio-de-Avaliacao-CG-052019.pdf;
CG_005/2019;Relatório da Comissão de Monitoramento;9º Relatório da Comissão de Monitoramento;2022 - 1/1 a 31/3;https://fcs.mg.gov.br/wp-content/uploads/2022/05/SEI_GOVMG-46177069-9o-Relatorio-de-Monitoramento-com-imagens.pdf;
CG_005/2019;Relatório Gerencial de Resultados;9º Relatório Gerencial de Resultados;2022 - 1/1 a 31/3;https://fcs.mg.gov.br/wp-content/uploads/2022/04/9o-Relatorio-Gerencial-de-Resultados_9PA-2022-1.pdf;
CG_005/2019;Relatório Gerencial Financeiro;9º Relatório Gerencial Financeiro;2022 - 1/1 a 31/3;https://fcs.mg.gov.br/wp-content/uploads/2022/05/9o-_Relatorio_Gerencial_Financeiro_CG-Retificado.pdf;
CG_005/2019;Relatório Gerencial Financeiro - Planilha;9º Relatório Gerencial Financeiro - Planilha;2022 - 1/1 a 31/3;https://fcs.mg.gov.br/wp-content/uploads/2022/05/9o_Relatorio_Gerencial_Financeiro_CG-Retificado.xlsx;
CG_005/2019;Relatório Gerencial Financeiro;9º Relatório Gerencial Financeiro;2022 - 1/1 a 31/3;https://fcs.mg.gov.br/wp-content/uploads/2022/05/Relatorio_Gerencial_Financeiro_III_Aditivo___Modernismo__9__PA___Retificado.pdf;
CG_005/2019;Relatório Gerencial Financeiro - Planilha;9º Relatório Gerencial Financeiro - Planilha;2022 - 1/1 a 31/3;https://fcs.mg.gov.br/wp-content/uploads/2022/05/Relatorio_Gerencial_Financeiro_III-Aditivo-Modernismo-9o-PA-Retificado-1.xlsx;
CG_005/2019;Relatório da Comissão de Avaliação;10º Relatório da Comissão de Avaliação;2022 - 1/4 a 30/6;https://fcs.mg.gov.br/wp-content/uploads/2022/05/9o-Relatorio-de-Avaliacao-CG-052019.pdf;
CG_005/2019;Relatório da Comissão de Monitoramento;10º Relatório da Comissão de Monitoramento;2022 - 1/4 a 30/6;https://fcs.mg.gov.br/wp-content/uploads/2022/05/SEI_GOVMG-46177069-9o-Relatorio-de-Monitoramento-com-imagens.pdf;
CG_005/2019;Relatório Gerencial de Resultados;10º Relatório Gerencial de Resultados;2022 - 1/4 a 30/6;https://fcs.mg.gov.br/wp-content/uploads/2022/04/9o-Relatorio-Gerencial-de-Resultados_9PA-2022-1.pdf;
CG_005/2019;Relatório Gerencial Financeiro;10º Relatório Gerencial Financeiro;2022 - 1/4 a 30/6;https://fcs.mg.gov.br/wp-content/uploads/2022/05/9o-_Relatorio_Gerencial_Financeiro_CG-Retificado.pdf;
CG_005/2019;Relatório Gerencial Financeiro - Planilha;10º Relatório Gerencial Financeiro - Planilha;2022 - 1/4 a 30/6;https://fcs.mg.gov.br/wp-content/uploads/2022/05/9o_Relatorio_Gerencial_Financeiro_CG-Retificado.xlsx;
CG_005/2019;Relatório Gerencial Financeiro;10º Relatório Gerencial Financeiro;2022 - 1/4 a 30/6;https://fcs.mg.gov.br/wp-content/uploads/2022/05/Relatorio_Gerencial_Financeiro_III_Aditivo___Modernismo__9__PA___Retificado.pdf;
CG_005/2019;Relatório Gerencial Financeiro - Planilha;10º Relatório Gerencial Financeiro - Planilha;2022 - 1/4 a 30/6;https://fcs.mg.gov.br/wp-content/uploads/2022/05/Relatorio_Gerencial_Financeiro_III-Aditivo-Modernismo-9o-PA-Retificado-1.xlsx;
CG_005/2019;Relatório da Comissão de Avaliação;11º Relatório da Comissão de Avaliação;2022 - 1/6 a 30/9;https://fcs.mg.gov.br/wp-content/uploads/2022/12/11o-Relato%CC%81rio-de-Avaliac%CC%A7a%CC%83o-CG.pdf;
CG_005/2019;Relatório da Comissão de Monitoramento;11º Relatório da Comissão de Monitoramento;2022 - 1/6 a 30/9;https://fcs.mg.gov.br/wp-content/uploads/2022/12/11o-Relatorio-de-Monitoramento.pdf;
CG_005/2019;Relatório Gerencial de Resultados;11º Relatório Gerencial de Resultados;2022 - 1/6 a 30/9;https://fcs.mg.gov.br/wp-content/uploads/2022/12/11o-Relato%CC%81rio-Gerencial-de-Resultados.pdf;
CG_005/2019;Relatório Gerencial Financeiro;11º Relatório Gerencial Financeiro;2022 - 1/6 a 30/9;https://fcs.mg.gov.br/wp-content/uploads/2022/12/11o-Relato%CC%81rio-Gerencial-Financeiro-CG-PDF.pdf;
CG_005/2019;Relatório Gerencial Financeiro - Planilha;11º Relatório Gerencial Financeiro - Planilha;2022 - 1/6 a 30/9;https://fcs.mg.gov.br/wp-content/uploads/2022/12/11o-Relato%CC%81rio-Gerencial-Financeiro-CG-XLS.xlsx;
CG_005/2019;Relatório Gerencial Financeiro;11º Relatório Gerencial Financeiro;2022 - 1/6 a 30/9;https://fcs.mg.gov.br/wp-content/uploads/2022/12/11o-Relato%CC%81rio-Gerencial-Financeiro-Modernismo.pdf;
CG_005/2019;Relatório Gerencial Financeiro - Planilha;11º Relatório Gerencial Financeiro - Planilha;2022 - 1/6 a 30/9;https://fcs.mg.gov.br/wp-content/uploads/2022/12/11o-Relato%CC%81rio-Gerencial-Financeiro-Modernismo-XLS.xlsx;
CG_006/2020;Relatório da Comissão de Avaliação;1º Relatório da Comissão de Avaliação;2020 - 29/7 a 30/9;https://drive.google.com/file/d/1P6TKbziQ8RzibE7uUmhidsCH0pusPhtB/view;
CG_006/2020;Relatório da Comissão de Monitoramento;1º Relatório da Comissão de Monitoramento;2020 - 29/7 a 30/9;https://www.secult.mg.gov.br/download/category/6-contratos-de-gestao?download=1610:1-relatorio-de-monitoramento;
CG_006/2020;Relatório Gerencial de Resultados;1º Relatório Gerencial de Resultados;2020 - 29/7 a 30/9;https://www.secult.mg.gov.br/download/category/6-contratos-de-gestao?download=1174:2-relatorio-gerencial-de-resultados;
CG_006/2020;Relatório Gerencial Financeiro;1º Relatório Gerencial Financeiro;2020 - 29/7 a 30/9;https://www.secult.mg.gov.br/download/category/6-contratos-de-gestao?download=1173:1-relatorio-gerencial-financeiro;
CG_006/2020;Relatório da Comissão de Avaliação;2º Relatório da Comissão de Avaliação;2020 - 1/10 a 1/12;https://www.secult.mg.gov.br/download/category/6-contratos-de-gestao?download=2441:2-relatorio-de-avaliacao;
CG_006/2020;Relatório da Comissão de Monitoramento;2º Relatório da Comissão de Monitoramento;2020 - 1/10 a 1/12;https://www.secult.mg.gov.br/download/category/4-acordos-de-cooperacao?download=2407:2-relatorio-de-monitoramento;
CG_006/2020;Relatório Gerencial de Resultados;2º Relatório Gerencial de Resultados;2020 - 1/10 a 1/12;https://www.secult.mg.gov.br/download/category/4-acordos-de-cooperacao?download=2390:2-relatorio-gerencial-de-resultados;
CG_006/2020;Relatório Gerencial Financeiro;2º Relatório Gerencial Financeiro;2020 - 1/10 a 1/12;https://www.secult.mg.gov.br/download/category/4-acordos-de-cooperacao?download=2389:2-relatorio-gerencial-financeiro;
CG_006/2020;Relatório da Comissão de Avaliação;3º Relatório da Comissão de Avaliação;2021 - 1/1 a 1/3;https://www.secult.mg.gov.br/download/category/6-contratos-de-gestao?download=2541:3-relatorio-de-monitoramento;
CG_006/2020;Relatório da Comissão de Monitoramento;3º Relatório da Comissão de Monitoramento;2021 - 1/1 a 1/3;https://www.secult.mg.gov.br/download/category/6-contratos-de-gestao?download=2511:3-relatorio-de-monitoramento;
CG_006/2020;Relatório Gerencial de Resultados;3º Relatório Gerencial de Resultados;2021 - 1/1 a 1/3;https://www.secult.mg.gov.br/download/category/4-acordos-de-cooperacao?download=2507:3-relatorio-gerencial-de-resultados;
CG_006/2020;Relatório Gerencial Financeiro;3º Relatório Gerencial Financeiro;2021 - 1/1 a 1/3;https://www.secult.mg.gov.br/download/category/6-contratos-de-gestao?download=2506:3-relatorio-gerencial-financeiro;
CG_006/2020;Relatório da Comissão de Avaliação;4º Relatório da Comissão de Avaliação;2021 - 1/4 a 1/6;https://www.secult.mg.gov.br/download/category/6-contratos-de-gestao?download=2606:contratos-de-gestao-2021-4-relatrio-da-comisso-de-avaliao-01-04-a-30-06-docx-1-pdf;
CG_006/2020;Relatório da Comissão de Monitoramento;4º Relatório da Comissão de Monitoramento;2021 - 1/4 a 1/6;https://www.secult.mg.gov.br/download/category/6-contratos-de-gestao?download=2607:contratos-de-gestao-2021-4-relatrio-de-monitoramento-final-pdf;
CG_006/2020;Relatório Gerencial de Resultados;4º Relatório Gerencial de Resultados;2021 - 1/4 a 1/6;https://www.secult.mg.gov.br/download/category/6-contratos-de-gestao?download=2610:relatorio-gerencial-resultados-4;
CG_006/2020;Relatório Gerencial Financeiro;4º Relatório Gerencial Financeiro;2021 - 1/4 a 1/6;https://www.secult.mg.gov.br/download/category/6-contratos-de-gestao?download=2611:4-relatorio-financeiro;
CG_006/2020;Relatório da Comissão de Avaliação;5º Relatório da Comissão de Avaliação;2021 - 1/7 a 1/9;https://www.secult.mg.gov.br/download/category/21-outros?download=2668:5-relatorio-de-avaliacao;
CG_006/2020;Relatório da Comissão de Monitoramento;5º Relatório da Comissão de Monitoramento;2021 - 1/7 a 1/9;https://www.secult.mg.gov.br/download/category/21-outros?download=2664:relatorio-de-monitoramento;
CG_006/2020;Relatório Gerencial de Resultados;5º Relatório Gerencial de Resultados;2021 - 1/7 a 1/9;https://www.secult.mg.gov.br/download/category/21-outros?download=2663:relatorio-geral-de-resultados;
CG_006/2020;Relatório Gerencial Financeiro;5º Relatório Gerencial Financeiro;2021 - 1/7 a 1/9;https://www.secult.mg.gov.br/download/category/21-outros?download=2665:relatorio-financeiro;
CG_006/2020;Relatório da Comissão de Avaliação;6º Relatório da Comissão de Avaliação;2021 - 1/10 a 1/12;https://www.secult.mg.gov.br/download/category/21-outros?download=2731:relatorio-comissao-avaliacao-6pa;
CG_006/2020;Relatório da Comissão de Monitoramento;6º Relatório da Comissão de Monitoramento;2021 - 1/10 a 1/12;https://www.secult.mg.gov.br/download/category/21-outros?download=2730:relatorio-com-monit;
CG_006/2020;Relatório Gerencial de Resultados;6º Relatório Gerencial de Resultados;2021 - 1/10 a 1/12;https://www.secult.mg.gov.br/download/category/21-outros?download=2728:6-rgr-cg-06-2020;
CG_006/2020;Relatório Gerencial Financeiro;6º Relatório Gerencial Financeiro;2021 - 1/10 a 1/12;https://www.secult.mg.gov.br/download/category/21-outros?download=2729:6o-rgf-06-2020;
CG_006/2020;Relatório Financeiro;7º Relatório Financeiro;2022 - 1/1 a 1/3;https://www.secult.mg.gov.br/download/category/21-outros?download=2820:7o-relatorio-financeiro;
CG_006/2020;Relatório Gerencial de Resultados;7º Relatório Gerencial de Resultados;2022 - 1/1 a 1/3;https://www.secult.mg.gov.br/download/category/21-outros?download=2819:7o-relatorio-de-resultados;
CG_006/2020;Relatório da Comissão de Monitoramento;7º Relatório da Comissão de Monitoramento;2022 - 1/1 a 1/3;https://www.secult.mg.gov.br/download/category/21-outros?download=2818:7-relatorio-de-monitoramento;
CG_006/2020;Relatório da Comissão de Avaliação;7º Relatório da Comissão de Avaliação;2022 - 1/1 a 1/3;https://www.secult.mg.gov.br/download/category/21-outros?download=2832:documentos-assinatos-publicados-doc;
CG_006/2020;Relatório Financeiro;8º Relatório Financeiro;2022 - 1/4 a 1/6;https://www.secult.mg.gov.br/download/category/6-contratos-de-gestao?download=2916:rgf-8;
CG_006/2020;Relatório Gerencial de Resultados;8º Relatório Gerencial de Resultados;2022 - 1/4 a 1/6;https://www.secult.mg.gov.br/download/category/6-contratos-de-gestao?download=2917:rgr-8;
CG_006/2020;Relatório da Comissão de Monitoramento;8º Relatório da Comissão de Monitoramento;2022 - 1/4 a 1/6;https://www.secult.mg.gov.br/download/category/6-contratos-de-gestao?download=2918:rgm-8;
CG_006/2020;Relatório da Comissão de Avaliação;8º Relatório da Comissão de Avaliação;2022 - 1/4 a 1/6;https://www.secult.mg.gov.br/download/category/6-contratos-de-gestao?download=2928:relatorio-de-aval-assinado;
CG_006/2020;Relatório Gerencial Financeiro;9º Relatório Gerencial Financeiro;2022 - 1/7 a 30/9;https://www.secult.mg.gov.br/download/category/6-contratos-de-gestao?download=2987:9-relatorio-gerencial-financeiro;
CG_006/2020;Relatório Gerencial de Resultados;9º Relatório Gerencial de Resultados;2022 - 1/7 a 30/9;https://www.secult.mg.gov.br/download/category/6-contratos-de-gestao?download=2988:9-relatorio-gerencial-de-resultados;
CG_006/2020;Relatório da Comissão de Monitoramento;9º Relatório da Comissão de Monitoramento;2022 - 1/7 a 30/9;https://www.secult.mg.gov.br/download/category/6-contratos-de-gestao?download=2989:9-relatorio-de-monitoramento;
CG_006/2020;Relatório da Comissão de Monitoramento;9º Relatório da Comissão de Monitoramento;2022 - 1/7 a 30/9;https://www.secult.mg.gov.br/download/category/6-contratos-de-gestao?download=2997:errata-do-9-relatorio-de-monitoramento;
CG_006/2020;Relatório da Comissão de Avaliação;9º Relatório da Comissão de Avaliação;2022 - 1/7 a 30/9;https://www.secult.mg.gov.br/download/category/6-contratos-de-gestao?download=2998:9-relatorio-de-avaliacao-e-ata;
CG_007/2021;Relatório da Comissão de Avaliação;1º Relatório da Comissão de Avaliação;2021 - 1/1 a 1/3;http://www.seguranca.mg.gov.br/images/2021/Agosto/Documentos/Relatorio%20de%20Avaliao%201PA%20CG%2007.2021.pdf;
CG_007/2021;Relatório da Comissão de Monitoramento;1º Relatório da Comissão de Monitoramento;2021 - 1/1 a 1/3;http://www.seguranca.mg.gov.br/images/2021/Agosto/Documentos/Relatorio%20de%20Monitoramento%201PA%20CG%2007.2021.pdf;
CG_007/2021;Relatório Gerencial de Resultados;1º Relatório Gerencial de Resultados;2021 - 1/1 a 1/3;http://www.seguranca.mg.gov.br/images/2021/Agosto/Documentos/Relatorio%20Gerencial%20de%20Resultados%201PA%20CG%2007.2021.pdf;
CG_007/2021;Relatório Gerencial Financeiro;1º Relatório Gerencial Financeiro;2021 - 1/1 a 1/3;http://www.seguranca.mg.gov.br/images/2021/Agosto/Documentos/Relatorio%20Gerencial%20Financeiro%201PA%20CG%2007.2021.xlsx;
CG_007/2021;Relatório da Comissão de Avaliação;2º Relatório da Comissão de Avaliação;2021 - 1/4 a 1/6;https://docs.google.com/spreadsheets/d/1sAothtAhC_c4ULXAWIG-tNYNkbjPMq1X/edit?usp=sharing&ouid=101230842920004255495&rtpof=true&sd=true;
CG_007/2021;Relatório da Comissão de Monitoramento;2º Relatório da Comissão de Monitoramento;2021 - 1/4 a 1/6;http://www.seguranca.mg.gov.br/images/2022/Janeiro/Relatorio%20de%20Avaliao%202PA%20CG%20072021.pdf;
CG_007/2021;Relatório Gerencial de Resultados;2º Relatório Gerencial de Resultados;2021 - 1/4 a 1/6;http://www.seguranca.mg.gov.br/images/2022/Janeiro/Relatorio%20Gerencial%20de%20Resultados%202PA%20CG%20072021.pdf;
CG_007/2021;Relatório Gerencial Financeiro;2º Relatório Gerencial Financeiro;2021 - 1/4 a 1/6;http://www.seguranca.mg.gov.br/images/2022/Janeiro/Relatorio%20Gerencial%20Financeiro%202PA%20CG%20072021.xlsx;
CG_008/2021;Relatório da Comissão de Avaliação;1º Relatório da Comissão de Avaliação;2021 - 12/7 a 30/9;http://www.institutoelo.org.br/site/files/arquivos/2b9f7ef7dfb740033bf098fc2fc43e35.pdf;
CG_008/2021;Relatório da Comissão de Monitoramento;1º Relatório da Comissão de Monitoramento;2021 - 12/7 a 30/9;http://www.institutoelo.org.br/site/files/arquivos/c41489f63cae387162fb65730922566c.pdf;
CG_008/2021;Relatório Gerencial de Resultados;1º Relatório Gerencial de Resultados;2021 - 12/7 a 30/9;http://www.institutoelo.org.br/site/files/arquivos/6a63a948e58ec2fe7de887d8adb3e35f.pdf;
CG_008/2021;Relatório Gerencial Financeiro;1º Relatório Gerencial Financeiro;2021 - 12/7 a 30/9;http://www.institutoelo.org.br/site/files/arquivos/9e73f5b496b6fdd8d8c4ad84f2fb24ab.pdf;
CG_008/2021;Relatório da Comissão de Avaliação;2º Relatório da Comissão de Avaliação;2021 - 1/10 a 31/12;http://www.institutoelo.org.br/site/files/arquivos/ba4840e3c1583db9cbc9c3991b110735.pdf;
CG_008/2021;Relatório da Comissão de Monitoramento;2º Relatório da Comissão de Monitoramento;2021 - 1/10 a 31/12;http://www.institutoelo.org.br/site/files/arquivos/565e12144a04175c20152e4c85872468.pdf;
CG_008/2021;Relatório Gerencial de Resultados;2º Relatório Gerencial de Resultados;2021 - 1/10 a 31/12;http://www.institutoelo.org.br/site/files/arquivos/47978c93602c524c0c67fac8b8d64943.pdf;
CG_008/2021;Relatório Gerencial Financeiro;2º Relatório Gerencial Financeiro;2021 - 1/10 a 31/12;http://www.institutoelo.org.br/site/files/arquivos/b81a7cc3e2a039799d4a78b1c998a432.pdf;
TP_041/2017;Relatório da Comissão de Avaliação;1º Relatório da Comissão de Avaliação;2017 - 1/6 a 1/8;http://homologa3.prodemge.gov.br/vaek/wp-content/uploads/2018/11/1%C2%BA-Relat%C3%B3rio-da-Comiss%C3%A3o-de-Avalia%C3%A7%C3%A3o-Termo-de-parceria-n%C2%BA-041-DIART-3.845-kb-em-PDF.pdf;
TP_041/2017;Relatório de Monitoramento;1º Relatório de Monitoramento;2017 - 1/6 a 1/8;0;
TP_041/2017;Relatório Gerencial de Resultados;1º Relatório Gerencial de Resultados;2017 - 1/6 a 1/8;http://homologa3.prodemge.gov.br/vaek/wp-content/uploads/2018/11/Retifica%C3%A7%C3%A3o-do-1%C2%BA-Relat%C3%B3rio-Gerencial-de-Resultados-Termo-de-Parceria-n%C2%BA-041-DIART-582MB-em-PDF.pdf;
TP_041/2017;Relatório Gerencial Financeiro;1º Relatório Gerencial Financeiro;2017 - 1/6 a 1/8;http://homologa3.prodemge.gov.br/vaek/wp-content/uploads/2018/11/1%C2%BA-Relat%C3%B3rio-Gerencial-Financeiro-Termo-de-Parceria-n%C2%BA-041-DIART-8.689-kb-em-PDF.pdf;
TP_041/2017;Relatório da Comissão de Avaliação;2º Relatório da Comissão de Avaliação;2017 - 1/9 a 1/12;http://homologa3.prodemge.gov.br/vaek/wp-content/uploads/2018/11/2%C2%BA-Relat%C3%B3rio-da-Comiss%C3%A3o-de-Avalia%C3%A7%C3%A3o-Termo-de-Parceria-n%C2%BA-41-DIART-265-em-PDF.pdf;
TP_041/2017;Relatório de Monitoramento;2º Relatório de Monitoramento;2017 - 1/9 a 1/12;0;
TP_041/2017;Relatório Gerencial de Resultados;2º Relatório Gerencial de Resultados;2017 - 1/9 a 1/12;http://homologa3.prodemge.gov.br/vaek/wp-content/uploads/2018/11/Retifica%C3%A7%C3%A3o-do-2%C2%BA-Relat%C3%B3rio-Gerencial-de-Resultados-Termo-de-Parceria-n%C2%BA-41-DIART-995-MB-em-PDF.pdf;
TP_041/2017;Relatório Gerencial Financeiro;2º Relatório Gerencial Financeiro;2017 - 1/9 a 1/12;http://homologa3.prodemge.gov.br/vaek/wp-content/uploads/2018/11/2%C2%BA-Relat%C3%B3rio-Gerencial-Financeiro-Termo-de-Parceria-n%C2%BA-41-DIART-136-MB-em-PDF.pdf;
TP_041/2017;Relatório da Comissão de Avaliação;3º Relatório da Comissão de Avaliação;2018 - 1/1 a 1/4;http://homologa3.prodemge.gov.br/vaek/wp-content/uploads/2018/11/3%C2%BA-Relat%C3%B3rio-da-Comiss%C3%A3o-de-Avalia%C3%A7%C3%A3o-Termo-de-Parceria-n%C2%BA-41-DIART-135-MB-em-PDF.pdf;
TP_041/2017;Relatório de Monitoramento;3º Relatório de Monitoramento;2018 - 1/1 a 1/4;0;
TP_041/2017;Relatório Gerencial de Resultados;3º Relatório Gerencial de Resultados;2018 - 1/1 a 1/4;http://homologa3.prodemge.gov.br/vaek/wp-content/uploads/2018/11/3%C2%BA-Relat%C3%B3rio-Gerencial-de-Resultados-Termo-de-Parceria-n%C2%BA-41-DIART-9-MB-em-PDF.pdf;
TP_041/2017;Relatório Gerencial Financeiro;3º Relatório Gerencial Financeiro;2018 - 1/1 a 1/4;http://homologa3.prodemge.gov.br/vaek/wp-content/uploads/2018/11/3%C2%BA-Relat%C3%B3rio-Gerencial-Financeiro-Termo-de-Parceria-n%C2%BA-41-DIART-3-MB-em-PDF.pdf;
TP_041/2017;Relatório da Comissão de Avaliação;4º Relatório da Comissão de Avaliação;2018 - 1/5 a 1/8;http://homologa3.prodemge.gov.br/vaek/wp-content/uploads/2018/11/4%C2%BA-Relat%C3%B3rio-da-Comiss%C3%A3o-de-Avalia%C3%A7%C3%A3o-Termo-de-Parceria-n%C2%BA-41-DIART-869-MB-em-PDF.pdf;
TP_041/2017;Relatório de Monitoramento;4º Relatório de Monitoramento;2018 - 1/5 a 1/8;0;
TP_041/2017;Relatório Gerencial de Resultados;4º Relatório Gerencial de Resultados;2018 - 1/5 a 1/8;http://homologa3.prodemge.gov.br/vaek/wp-content/uploads/2018/11/4%C2%BA-Relat%C3%B3rio-Gerencial-de-Resultados-Termo-de-Parceria-n%C2%BA-041-DIART-13.9-MB-em-PDF.pdf;
TP_041/2017;Relatório Gerencial Financeiro;4º Relatório Gerencial Financeiro;2018 - 1/5 a 1/8;http://homologa3.prodemge.gov.br/vaek/wp-content/uploads/2018/11/4%C2%BA-Relat%C3%B3rio-Gerencial-Financeiro-Retificado-Termo-de-Parceria-n%C2%BA-41-DIART-331-MB-em-PDF.pdf;
TP_041/2017;Relatório da Comissão de Avaliação;5º Relatório da Comissão de Avaliação;2018 - 1/9 a 1/12;https://drive.google.com/file/d/19B_2UGAouE2B_CSVSX8wx5m26Mjk5FEx/view;
TP_041/2017;Relatório de Monitoramento;5º Relatório de Monitoramento;2018 - 1/9 a 1/12;0;
TP_041/2017;Relatório Gerencial de Resultados;5º Relatório Gerencial de Resultados;2018 - 1/9 a 1/12;https://drive.google.com/file/d/1xu0IWqM6QiWvMQHjXIuqYr2OWXA2k9ZT/view;
TP_041/2017;Relatório Gerencial Financeiro;5º Relatório Gerencial Financeiro;2018 - 1/9 a 1/12;https://drive.google.com/file/d/1_cWU1WxTESzlkVOllNWgxfZFMAqaUHnY/view;
TP_041/2017;Relatório da Comissão de Avaliação;6º Relatório da Comissão de Avaliação;2019 - 1/1 a 1/3;https://drive.google.com/file/d/1C8opYuBYFuhsehftNbqbQIgw9Zntu-FU/view;
TP_041/2017;Relatório de Monitoramento;6º Relatório de Monitoramento;2019 - 1/1 a 1/3;https://drive.google.com/file/d/17uBJC6yR2ftK-TCNYbbAHhRcXKdmNp35/view;
TP_041/2017;Relatório Gerencial de Resultados;6º Relatório Gerencial de Resultados;2019 - 1/1 a 1/3;https://drive.google.com/file/d/1Pw-yQXFbubxgpYyTLzYKcIIqXiETSOqC/view;
TP_041/2017;Relatório Gerencial Financeiro;6º Relatório Gerencial Financeiro;2019 - 1/1 a 1/3;0;
TP_041/2017;Relatório da Comissão de Avaliação;7º Relatório da Comissão de Avaliação;2019 - 1/4 a 1/6;https://drive.google.com/file/d/1ChY7UaMIbCJ8CcQltgD5JXeP3eEOjyQ-/view;
TP_041/2017;Relatório de Monitoramento;7º Relatório de Monitoramento;2019 - 1/4 a 1/6;https://drive.google.com/file/d/1IEFKatB7CT4uXMvAwPSbgYasBD8ZTmC8/view;
TP_041/2017;Relatório Gerencial de Resultados;7º Relatório Gerencial de Resultados;2019 - 1/4 a 1/6;https://drive.google.com/file/d/1uxhWn9DZtHxzQCVytm8Kc1PVjPiHIlyL/view;
TP_041/2017;Relatório Gerencial Financeiro;7º Relatório Gerencial Financeiro;2019 - 1/4 a 1/6;0;
TP_041/2017;Relatório da Comissão de Avaliação;8º Relatório da Comissão de Avaliação;2019 - 1/7 a 1/9;https://drive.google.com/file/d/1CtB_A-4z_G2Cdkm5_MOz3aGxTDB4xpRK/view;
TP_041/2017;Relatório de Monitoramento;8º Relatório de Monitoramento;2019 - 1/7 a 1/9;https://drive.google.com/file/d/1Xlz7ydhPA6KSZqIzSb6ONTmz1764H_ET/view;
TP_041/2017;Relatório Gerencial de Resultados;8º Relatório Gerencial de Resultados;2019 - 1/7 a 1/9;https://drive.google.com/file/d/1PfcrpZcggmXFIfRurroW7JJk90TWpjfc/view;
TP_041/2017;Relatório Gerencial Financeiro;8º Relatório Gerencial Financeiro;2019 - 1/7 a 1/9;0;
TP_041/2017;Relatório da Comissão de Avaliação;9º Relatório da Comissão de Avaliação;2019 - 1/10 a 1/12;https://drive.google.com/file/d/1dDpfV3KMBT3IP7HZ3-ydVTC5y_pmAQpz/view;
TP_041/2017;Relatório de Monitoramento;9º Relatório de Monitoramento;2019 - 1/10 a 1/12;0;
TP_041/2017;Relatório Gerencial de Resultados;9º Relatório Gerencial de Resultados;2019 - 1/10 a 1/12;https://drive.google.com/file/d/1fjNtTJGA7tUWUd1AF9TnpdIQRhT8oYVK/view;
TP_041/2017;Relatório Gerencial Financeiro;9º Relatório Gerencial Financeiro;2019 - 1/10 a 1/12;0;
TP_042/2017;Relatório da Comissão de Avaliação;1º Relatório da Comissão de Avaliação;2017 - 1/6 a 1/8;http://homologa3.prodemge.gov.br/vaek/wp-content/uploads/2018/11/1%C2%BA-Relatorio-Comiss%C3%A3o-de-Avalia%C3%A7%C3%A3o-do-Termo-de-Parceria-n%C2%BA-42-DIPRO-1.566-kb-em-PDF.pdf;
TP_042/2017;Relatório de Monitoramento;1º Relatório de Monitoramento;2017 - 1/6 a 1/8;0;
TP_042/2017;Relatório Financeiro;1º Relatório Financeiro;2017 - 1/6 a 1/8;http://homologa3.prodemge.gov.br/vaek/wp-content/uploads/2018/11/1%C2%BA-Relatorio-Gerencial-Financeiro-do-Termo-de-Parceria-n%C2%BA-42-DIPRO-7.733-KB-em-PDF.pdf;
TP_042/2017;Relatório Gerencial de Resultados;1º Relatório Gerencial de Resultados;2017 - 1/6 a 1/8;http://homologa3.prodemge.gov.br/vaek/wp-content/uploads/2018/11/1%C2%BA-Relatorio-Gerencial-de-Resultados-do-Termo-de-Parceria-n%C2%BA-42-DIPRO-6.178-kb-em-PDF.pdf;
TP_042/2017;Relatório da Comissão de Avaliação;2º Relatório da Comissão de Avaliação;2017 - 1/9 a 1/12;http://homologa3.prodemge.gov.br/vaek/wp-content/uploads/2018/11/2%C2%BA-Relat%C3%B3rio-da-Comiss%C3%A3o-de-Avalia%C3%A7%C3%A3o-Termo-de-Parceria-n%C2%BA-42-DIPRO-16-MB-em-PDF.pdf;
TP_042/2017;Relatório de Monitoramento;2º Relatório de Monitoramento;2017 - 1/9 a 1/12;0;
TP_042/2017;Relatório Financeiro;2º Relatório Financeiro;2017 - 1/9 a 1/12;http://homologa3.prodemge.gov.br/vaek/wp-content/uploads/2018/11/2%C2%BA-Relat%C3%B3rio-Gerencial-Financeiro-Termo-de-Parceria-n%C2%BA-42-DIPRO-4-MB-em-PDF.pdf;
TP_042/2017;Relatório Gerencial de Resultados;2º Relatório Gerencial de Resultados;2017 - 1/9 a 1/12;http://homologa3.prodemge.gov.br/vaek/wp-content/uploads/2018/11/2%C2%BA-Relat%C3%B3rio-Gerencial-de-Resultados-Termo-de-Parceria-n%C2%BA-42-DIPRO-141-MB-em-PDF.pdf;
TP_042/2017;Relatório da Comissão de Avaliação;3º Relatório da Comissão de Avaliação;2018 - 1/1 a 1/4;http://homologa3.prodemge.gov.br/vaek/wp-content/uploads/2018/11/Retifica%C3%A7%C3%A3o-3%C2%BA-Relat%C3%B3rio-da-Comiss%C3%A3o-de-Avalia%C3%A7%C3%A3o-Termo-de-Parceria-n%C2%BA-42-DIPRO-12.724KB-em-PDF.pdf;
TP_042/2017;Relatório de Monitoramento;3º Relatório de Monitoramento;2018 - 1/1 a 1/4;0;
TP_042/2017;Relatório Financeiro;3º Relatório Financeiro;2018 - 1/1 a 1/4;http://homologa3.prodemge.gov.br/vaek/wp-content/uploads/2018/11/3%C2%B0-Relat%C3%B3rio-Gerencial-Financeiro-Termo-de-Parceria-n%C2%BA42-DIPRO-11.959KB-em-PDF.pdf;
TP_042/2017;Relatório Gerencial de Resultados;3º Relatório Gerencial de Resultados;2018 - 1/1 a 1/4;http://homologa3.prodemge.gov.br/vaek/wp-content/uploads/2018/11/3%C2%B0-Relat%C3%B3rio-Gerencial-de-Resultados-Termo-de-Parceria-n%C2%BA-42-DIPRO-48.910KB-em-PDF.pdf;
TP_042/2017;Relatório da Comissão de Avaliação;4º Relatório da Comissão de Avaliação;2018 - 1/5 a 1/8;http://homologa3.prodemge.gov.br/vaek/wp-content/uploads/2018/11/4%C2%B0-Relat%C3%B3rio-da-Comiss%C3%A3o-de-Avalia%C3%A7%C3%A3o-Termo-de-Parceria-n%C2%BA-42-DIPRO-601-kb-em-PDF.pdf;
TP_042/2017;Relatório de Monitoramento;4º Relatório de Monitoramento;2018 - 1/5 a 1/8;0;
TP_042/2017;Relatório Financeiro;4º Relatório Financeiro;2018 - 1/5 a 1/8;http://homologa3.prodemge.gov.br/vaek/wp-content/uploads/2018/11/4%C2%B0-Relat%C3%B3rio-Gerencial-Financeiro-Termo-de-Parceria-n%C2%BA-42-DIPRO-57-MB-em-PDF.pdf;
TP_042/2017;Relatório Gerencial de Resultados;4º Relatório Gerencial de Resultados;2018 - 1/5 a 1/8;http://homologa3.prodemge.gov.br/vaek/wp-content/uploads/2018/11/4%C2%B0-Relat%C3%B3rio-Gerencial-de-Resultados-Termo-de-Parceria-n%C2%BA-42-DIPRO-16.67-MB-em-PDF.pdf;
TP_042/2017;Relatório da Comissão de Avaliação;5º Relatório da Comissão de Avaliação;2018 - 1/9 a 1/12;http://fcs.mg.gov.br/wp-content/uploads/2019/01/5__Relatorio_Comissao_de_Avaliacao_TP0422017-compressed.pdf;
TP_042/2017;Relatório de Monitoramento;5º Relatório de Monitoramento;2018 - 1/9 a 1/12;0;
TP_042/2017;Relatório Financeiro;5º Relatório Financeiro;2018 - 1/9 a 1/12;https://drive.google.com/file/d/1gCU8CCTtnFKgjOd5OfL54kp0ERqT0qRn/view;
TP_042/2017;Relatório Gerencial de Resultados;5º Relatório Gerencial de Resultados;2018 - 1/9 a 1/12;https://drive.google.com/file/d/1hKXnj7TTFxVWrbVcsPJV9cvy2ydYWech/view;
TP_042/2017;Relatório da Comissão de Avaliação;6º Relatório da Comissão de Avaliação;2019 - 1/1 a 1/3;https://drive.google.com/file/d/1YXCAQvTwC8t7AfFz0MzZJeMDFbDdttRe/view;
TP_042/2017;Relatório de Monitoramento;6º Relatório de Monitoramento;2019 - 1/1 a 1/3;https://drive.google.com/file/d/1XwBki5BL0Z6INEApj192R-RxRR7lQ77u/view;
TP_042/2017;Relatório Financeiro;6º Relatório Financeiro;2019 - 1/1 a 1/3;0;
TP_042/2017;Relatório Gerencial de Resultados;6º Relatório Gerencial de Resultados;2019 - 1/1 a 1/3;https://drive.google.com/file/d/1iEKNz0mhPWNJb-fUQAP6hEMZvG0O9kfa/view;
TP_042/2017;Relatório da Comissão de Avaliação;7º Relatório da Comissão de Avaliação;2019 - 1/4 a 1/6;https://drive.google.com/file/d/1V80a9A91xUEv6QNL5PxIqOlWxTlHJw3I/view;
TP_042/2017;Relatório de Monitoramento;7º Relatório de Monitoramento;2019 - 1/4 a 1/6;https://drive.google.com/file/d/1TCiXd2dIH1TZr-vZsrVUpqCWZip2H9UQ/view;
TP_042/2017;Relatório Financeiro;7º Relatório Financeiro;2019 - 1/4 a 1/6;0;
TP_042/2017;Relatório Gerencial de Resultados;7º Relatório Gerencial de Resultados;2019 - 1/4 a 1/6;https://drive.google.com/file/d/1qHFLlQBSIZFfWcDGULxlhddcwjPqjq-u/view;
TP_042/2017;Relatório da Comissão de Avaliação;8º Relatório da Comissão de Avaliação;2019 - 1/7 a 1/9;https://drive.google.com/file/d/1eHfidPbv8LCtgfEdJhOjiSsVVW7Pyr9J/view;
TP_042/2017;Relatório de Monitoramento;8º Relatório de Monitoramento;2019 - 1/7 a 1/9;https://drive.google.com/file/d/1UU4kflyFrj1B3A5gFJG9NEq2fZTeQijX/view;
TP_042/2017;Relatório Financeiro;8º Relatório Financeiro;2019 - 1/7 a 1/9;0;
TP_042/2017;Relatório Gerencial de Resultados;8º Relatório Gerencial de Resultados;2019 - 1/7 a 1/9;https://drive.google.com/file/d/1Oe0TPxyVmCF1fdFK-kr8zVZ24aU6_Vns/view;
TP_042/2017;Relatório da Comissão de Avaliação;9º Relatório da Comissão de Avaliação;2019 - 1/10 a 1/12;https://drive.google.com/file/d/19AmCPN5r4PWLYEe0GnLnquLTl38dfYU4/view;
TP_042/2017;Relatório de Monitoramento;9º Relatório de Monitoramento;2019 - 1/10 a 1/12;https://drive.google.com/file/d/1--y75_YFPyHVy6q6bdNSVxIn8oO535cv/view;
TP_042/2017;Relatório Financeiro;9º Relatório Financeiro;2019 - 1/10 a 1/12;0;
TP_042/2017;Relatório Gerencial de Resultados;9º Relatório Gerencial de Resultados;2019 - 1/10 a 1/12;https://drive.google.com/file/d/1lGmU1OSp6g_kS06FLGXeKFMlrwYr06L4/view;
TP_043/2017;Relatório da Comissão de Avaliação;1º Relatório da Comissão de Avaliação;2017 - 1/6 a 1/8;http://homologa3.prodemge.gov.br/vaek/wp-content/uploads/2018/11/1%C2%BA-Relat%C3%B3rio-da-Comiss%C3%A3o-de-Avalia%C3%A7%C3%A3o-Termo-de-Parceira-n%C2%BA-43-29.995-kb-em-PDF.pdf;
TP_043/2017;Relatório de Monitoramento;1º Relatório de Monitoramento;2017 - 1/6 a 1/8;0;
TP_043/2017;Relatório Financeiro;1º Relatório Financeiro;2017 - 1/6 a 1/8;http://homologa3.prodemge.gov.br/vaek/wp-content/uploads/2018/11/1%C2%BA-Relat%C3%B3rio-Gerencial-Financeiro-Termo-de-Parceira-n%C2%BA-43-5.892-kb-em-PDF.pdf;
TP_043/2017;Relatório Gerencial de Resultados;1º Relatório Gerencial de Resultados;2017 - 1/6 a 1/8;http://homologa3.prodemge.gov.br/vaek/wp-content/uploads/2018/11/1%C2%BA-Relat%C3%B3rio-Gerencial-de-Resultados-Termo-de-Parceria-n%C2%BA-43-6.429-kb-em-PDF.pdf;
TP_043/2017;Relatório da Comissão de Avaliação;2º Relatório da Comissão de Avaliação;2017 - 1/9 a 1/12;http://homologa3.prodemge.gov.br/vaek/wp-content/uploads/2018/11/2%C2%BA-Relat%C3%B3rio-da-Comiss%C3%A3o-de-Avalia%C3%A7%C3%A3o-Termo-de-Parceria-n%C2%BA-43-149-MB-em-PDF.pdf;
TP_043/2017;Relatório de Monitoramento;2º Relatório de Monitoramento;2017 - 1/9 a 1/12;0;
TP_043/2017;Relatório Financeiro;2º Relatório Financeiro;2017 - 1/9 a 1/12;http://homologa3.prodemge.gov.br/vaek/wp-content/uploads/2018/11/2%C2%BA-Relat%C3%B3rio-Gerencial-Financeiro-Termo-de-Parceria-n%C2%BA-43-10-MB-em-PDF.pdf;
TP_043/2017;Relatório Gerencial de Resultados;2º Relatório Gerencial de Resultados;2017 - 1/9 a 1/12;http://homologa3.prodemge.gov.br/vaek/wp-content/uploads/2018/11/2%C2%BA-Relat%C3%B3rio-Gerencial-de-Resultados-Termo-de-Parceria-n%C2%BA-43-843-MB-em-PDF.pdf;
TP_043/2017;Relatório da Comissão de Avaliação;3º Relatório da Comissão de Avaliação;2018 - 1/1 a 1/4;http://homologa3.prodemge.gov.br/vaek/wp-content/uploads/2018/11/3%C2%BA-Relat%C3%B3rio-da-Comiss%C3%A3o-de-Avalia%C3%A7%C3%A3o-Termo-de-Parceria-n%C2%BA-43-95-MB-em-PDF.pdf;
TP_043/2017;Relatório de Monitoramento;3º Relatório de Monitoramento;2018 - 1/1 a 1/4;0;
TP_043/2017;Relatório Financeiro;3º Relatório Financeiro;2018 - 1/1 a 1/4;http://homologa3.prodemge.gov.br/vaek/wp-content/uploads/2018/11/3%C2%BA-Relat%C3%B3rio-Gerencial-Financeiro-Termo-de-Parceria-n%C2%BA-43-12-MB-em-PDF.pdf;
TP_043/2017;Relatório Gerencial de Resultados;3º Relatório Gerencial de Resultados;2018 - 1/1 a 1/4;http://homologa3.prodemge.gov.br/vaek/wp-content/uploads/2018/11/3%C2%BA-Relat%C3%B3rio-Gerencial-de-Resultados-Termo-de-Parceria-n%C2%BA-43-95-MB-em-PDF.pdf;
TP_043/2017;Relatório da Comissão de Avaliação;4º Relatório da Comissão de Avaliação;2018 - 1/5 a 1/8;http://homologa3.prodemge.gov.br/vaek/wp-content/uploads/2018/11/4%C2%BA-Relat%C3%B3rio-da-Comiss%C3%A3o-de-Avalia%C3%A7%C3%A3o-Termo-de-Parceria-n%C2%BA-43-984-MB-em-PDF.pdf;
TP_043/2017;Relatório de Monitoramento;4º Relatório de Monitoramento;2018 - 1/5 a 1/8;0;
TP_043/2017;Relatório Financeiro;4º Relatório Financeiro;2018 - 1/5 a 1/8;http://homologa3.prodemge.gov.br/vaek/wp-content/uploads/2018/11/4%C2%BA-Relat%C3%B3rio-Gerencial-Financeiro-Termo-de-Parceria-n%C2%BA-43-114-MB-em-PDF.pdf;
TP_043/2017;Relatório Gerencial de Resultados;4º Relatório Gerencial de Resultados;2018 - 1/5 a 1/8;http://homologa3.prodemge.gov.br/vaek/wp-content/uploads/2018/11/4%C2%BA-Relat%C3%B3rio-Gerencial-de-Resultados-Termo-de-Parceria-n%C2%BA-43-102-MB-em-PDF.pdf;
TP_043/2017;Relatório da Comissão de Avaliação;5º Relatório da Comissão de Avaliação;2018 - 1/9 a 1/12;https://drive.google.com/file/d/1Y4-t0NRa22-kIc_FKPZoJ_JCLL0SRYpG/view;
TP_043/2017;Relatório de Monitoramento;5º Relatório de Monitoramento;2018 - 1/9 a 1/12;0;
TP_043/2017;Relatório Financeiro;5º Relatório Financeiro;2018 - 1/9 a 1/12;https://drive.google.com/file/d/10681qj1ev4K7LiYGlIcEsvd8kzCfAYWy/view;
TP_043/2017;Relatório Gerencial de Resultados;5º Relatório Gerencial de Resultados;2018 - 1/9 a 1/12;https://drive.google.com/file/d/12NVDxIeUQwsPrPx3VaeUpYkWREypM6jS/view;
TP_043/2017;Relatório da Comissão de Avaliação;6º Relatório da Comissão de Avaliação;2019 - 1/1 a 1/3;https://drive.google.com/file/d/1Hlhkjb2u3ZSieAequ_KLosw6bLHk-Gte/view;
TP_043/2017;Relatório de Monitoramento;6º Relatório de Monitoramento;2019 - 1/1 a 1/3;https://drive.google.com/open?id=1t3aBLQ-6MUUJDX4GJ-6FJQc53LlIUCXo;
TP_043/2017;Relatório Financeiro;6º Relatório Financeiro;2019 - 1/1 a 1/3;0;
TP_043/2017;Relatório Gerencial de Resultados;6º Relatório Gerencial de Resultados;2019 - 1/1 a 1/3;https://drive.google.com/file/d/19vaUUDUbf5p4D4DX5r5Hq4SzZK4ZhPyh/view;
TP_043/2017;Relatório da Comissão de Avaliação;7º Relatório da Comissão de Avaliação;2019 - 1/4 a 1/6;0;
TP_043/2017;Relatório de Monitoramento;7º Relatório de Monitoramento;2019 - 1/4 a 1/6;https://drive.google.com/open?id=1eE63crOELRon0fMYyIQhPzwmaiBIOgm0;
TP_043/2017;Relatório Financeiro;7º Relatório Financeiro;2019 - 1/4 a 1/6;0;
TP_043/2017;Relatório Gerencial de Resultados;7º Relatório Gerencial de Resultados;2019 - 1/4 a 1/6;https://drive.google.com/open?id=1flR1irtB-90sjMZOs4ba76ZcVEgDT634;
TP_043/2017;Relatório da Comissão de Avaliação;8º Relatório da Comissão de Avaliação;2019 - 1/7 a 1/9;https://drive.google.com/file/d/1sqkyXq_uD2tkPp9BhOZkbit7hNz7zaGl/view;
TP_043/2017;Relatório de Monitoramento;8º Relatório de Monitoramento;2019 - 1/7 a 1/9;https://drive.google.com/file/d/1SAuu5qnuGcczcF3gVUwhPX6-znFlT_dp/view;
TP_043/2017;Relatório Financeiro;8º Relatório Financeiro;2019 - 1/7 a 1/9;0;
TP_043/2017;Relatório Gerencial de Resultados;8º Relatório Gerencial de Resultados;2019 - 1/7 a 1/9;https://drive.google.com/file/d/1w6lYmo25K5337LMEdBP_nfY5mmrjHwrB/view;
TP_043/2017;Relatório da Comissão de Avaliação;9º Relatório da Comissão de Avaliação;2019 - 1/10 a 1/12;https://drive.google.com/file/d/1CEvlF2U_uA3qwRPhnV0VYD7m1HbPwZuy/view;
TP_043/2017;Relatório de Monitoramento;9º Relatório de Monitoramento;2019 - 1/10 a 1/12;https://drive.google.com/file/d/1Yifua-GozL2G6ZCsJeDLqGr6RJjePloz/view;
TP_043/2017;Relatório Financeiro;9º Relatório Financeiro;2019 - 1/10 a 1/12;0;
TP_043/2017;Relatório Gerencial de Resultados;9º Relatório Gerencial de Resultados;2019 - 1/10 a 1/12;https://drive.google.com/file/d/1ILE_UYyWljPjYU8gKifRPwkpBg21r9K1/view;
TP_045/2017;Relatório da Comissão de Avaliação;1º Relatório da Comissão de Avaliação;2018 - 1/6 a 1/8;http://iepha.mg.gov.br/images/Termo_de_Parceria/1_periodo_ava/Relat%C3%B3rio_da_Comiss%C3%A3o_de_Avalia%C3%A7%C3%A3o.pdf;
TP_045/2017;Relatório de Monitoramento;1º Relatório de Monitoramento;2018 - 1/6 a 1/8;0;
TP_045/2017;Relatório Gerencial de Resultados;1º Relatório Gerencial de Resultados;2018 - 1/6 a 1/8;http://iepha.mg.gov.br/images/Termo_de_Parceria/1_periodo_ava/Relat%C3%B3rio_Gerencial_de_Resultados.pdf;
TP_045/2017;Relatório Gerencial Financeiro;1º Relatório Gerencial Financeiro;2018 - 1/6 a 1/8;http://iepha.mg.gov.br/images/Termo_de_Parceria/1_periodo_ava/Relat%C3%B3rio_Gerencial_Financeiro.pdf;
TP_045/2017;Relatório da Comissão de Avaliação;2º Relatório da Comissão de Avaliação;2018 - 1/9 a 1/11;http://iepha.mg.gov.br/images/Termo_de_Parceria/Relat%C3%B3rio_da_Comiss%C3%A3o_de_Avalia%C3%A7%C3%A3o_21_12.pdf;
TP_045/2017;Relatório de Monitoramento;2º Relatório de Monitoramento;2018 - 1/9 a 1/11;0;
TP_045/2017;Relatório Gerencial de Resultados;2º Relatório Gerencial de Resultados;2018 - 1/9 a 1/11;http://iepha.mg.gov.br/images/Termo_de_Parceria/APPA_-_2%C2%BA_Relat%C3%B3rio_Gerencial_de_Resultados.pdf;
TP_045/2017;Relatório Gerencial Financeiro;2º Relatório Gerencial Financeiro;2018 - 1/9 a 1/11;http://iepha.mg.gov.br/images/Termo_de_Parceria/APPA_-_2%C2%BA_relat%C3%B3rio_Gerencial_Financeiro.pdf;
TP_045/2017;Relatório da Comissão de Avaliação;3º Relatório da Comissão de Avaliação;2018/2019 - 1/12 a 1/2;http://iepha.mg.gov.br/images/Termo_de_Parceria/3%C2%BA_Relat%C3%B3rio_de_Avalia%C3%A7%C3%A3o.pdf;
TP_045/2017;Relatório de Monitoramento;3º Relatório de Monitoramento;2018/2019 - 1/12 a 1/2;0;
TP_045/2017;Relatório Gerencial de Resultados;3º Relatório Gerencial de Resultados;2018/2019 - 1/12 a 1/2;http://iepha.mg.gov.br/images/Termo_de_Parceria/Relat%C3%B3rio_de_Resultados_APPA_3%C2%BA_per%C3%ADodo_avaliat%C3%B3rio.pdf;
TP_045/2017;Relatório Gerencial Financeiro;3º Relatório Gerencial Financeiro;2018/2019 - 1/12 a 1/2;0;
TP_045/2017;Relatório da Comissão de Avaliação;4º Relatório da Comissão de Avaliação;2019 - 1/3 a 1/5;http://iepha.mg.gov.br/images/Termo_de_Parceria/Relat%C3%B3rio_Comiss%C3%A3o_de_Avalia%C3%A7%C3%A3o_-_4%C2%BA_Per%C3%ADodo_Avaliat%C3%B3rio.pdf;
TP_045/2017;Relatório de Monitoramento;4º Relatório de Monitoramento;2019 - 1/3 a 1/5;http://iepha.mg.gov.br/images/Termo_de_Parceria/Relat%C3%B3rio_de_Monitoramento_4_Per%C3%ADodo_Avaliat%C3%B3rio.pdf;
TP_045/2017;Relatório Gerencial de Resultados;4º Relatório Gerencial de Resultados;2019 - 1/3 a 1/5;0;
TP_045/2017;Relatório Gerencial Financeiro;4º Relatório Gerencial Financeiro;2019 - 1/3 a 1/5;0;
TP_045/2017;Relatório da Comissão de Avaliação;5º Relatório da Comissão de Avaliação;2019 - 1/6 a 1/8;http://iepha.mg.gov.br/images/Termo_de_Parceria/5_periodo_aval/5%C2%BA_Relat%C3%B3rio_de_Avalia%C3%A7%C3%A3o_TP_N45-2017.pdf;
TP_045/2017;Relatório de Monitoramento;5º Relatório de Monitoramento;2019 - 1/6 a 1/8;http://iepha.mg.gov.br/images/Termo_de_Parceria/5_periodo_aval/5%C2%BA_Relat%C3%B3rio_de_Monitoramento_TP_APPA_IEPHA_Final.pdf;
TP_045/2017;Relatório Gerencial de Resultados;5º Relatório Gerencial de Resultados;2019 - 1/6 a 1/8;http://iepha.mg.gov.br/images/Termo_de_Parceria/Relat%C3%B3rio_de_Resultados_APPA_3%C2%BA_per%C3%ADodo_avaliat%C3%B3rio.pdf;
TP_045/2017;Relatório Gerencial Financeiro;5º Relatório Gerencial Financeiro;2019 - 1/6 a 1/8;0;
TP_045/2017;Relatório da Comissão de Avaliação;6º Relatório da Comissão de Avaliação;2019 - 1/9 a 1/11;http://iepha.mg.gov.br/images/Termo_de_Parceria/6_periodo_ava/6%C2%BA_Relat%C3%B3rio_de_Comiss%C3%A3o_de_Avalia%C3%A7%C3%A3o.pdf;
TP_045/2017;Relatório de Monitoramento;6º Relatório de Monitoramento;2019 - 1/9 a 1/11;http://iepha.mg.gov.br/images/Termo_de_Parceria/6_periodo_ava/6%C2%BA_Relat%C3%B3rio_de_Monitoramento_IEPHA-MG.pdf;
TP_045/2017;Relatório Gerencial de Resultados;6º Relatório Gerencial de Resultados;2019 - 1/9 a 1/11;http://iepha.mg.gov.br/images/Termo_de_Parceria/6_periodo_ava/6%C2%BA_Relat%C3%B3rio_de_Resultados_-_assinado.pdf;
TP_045/2017;Relatório Gerencial Financeiro;6º Relatório Gerencial Financeiro;2019 - 1/9 a 1/11;0;
TP_045/2017;Relatório da Comissão de Avaliação;7º Relatório da Comissão de Avaliação;2019 - 1/12 a 31/12;http://iepha.mg.gov.br/images/7%C2%BA_Relat%C3%B3rio_de_Comiss%C3%A3o_de_Avalia%C3%A7%C3%A3o.pdf;
TP_045/2017;Relatório de Monitoramento;7º Relatório de Monitoramento;2019 - 1/12 a 31/12;http://iepha.mg.gov.br/images/Relat%C3%B3rio_de_Monitoramento_7%C2%BA_Per%C3%ADodo.pdf;
TP_045/2017;Relatório Gerencial de Resultados;7º Relatório Gerencial de Resultados;2019 - 1/12 a 31/12;http://iepha.mg.gov.br/images/7%C2%BA_Relat%C3%B3rio_de_Resultados.pdf;
TP_045/2017;Relatório Gerencial Financeiro;7º Relatório Gerencial Financeiro;2019 - 1/12 a 31/12;0;
TP_045/2017;Relatório Gerencial Financeiro;º Relatório Gerencial Financeiro;2018 - 1/1 a 18/6;http://iepha.mg.gov.br/images/Termo_de_Parceria/Relat%C3%B3rio_Financiero_Avalia%C3%A7%C3%A3o_Extraordin%C3%A1ria.pdf;
TP_045/2017;Relatório Gerencial de Resultados;º Relatório Gerencial de Resultados;2018 - 1/1 a 18/6;http://iepha.mg.gov.br/images/Termo_de_Parceria/Relat%C3%B3rio_Gerencial_de_Resultados_Avalia%C3%A7%C3%A3o_Extraordin%C3%A1ria.pdf;
TP_045/2017;Relatório da Comissão de Avaliação;º Relatório da Comissão de Avaliação;2018 - 1/1 a 18/6;http://iepha.mg.gov.br/images/Termo_de_Parceria/Relatorio_Extaordinario_CA.pdf;
TP_046/2018;Relatório da Comissão de Avaliação;1º Relatório da Comissão de Avaliação;2018 - 1/2 a 1/5;http://esportes.social.mg.gov.br/images/documentos/editais_termos_de_parceria/1comissao_avaliacao.compressed.pdf;
TP_046/2018;Relatório de Monitoramento;1º Relatório de Monitoramento;2018 - 1/2 a 1/5;http://esportes.social.mg.gov.br/images/documentos/editais_termos_de_parceria/2019/relatorio-monitoramento-4-periodo-avaliatorio.pdf;
TP_046/2018;Relatório Gerencial de Resultados;1º Relatório Gerencial de Resultados;2018 - 1/2 a 1/5;https://drive.google.com/file/d/1B3Ae03Ejs6EgWzC_f0A8Wgor3ylkfJzT/view;
TP_046/2018;Relatório Gerencial Financeiro;1º Relatório Gerencial Financeiro;2018 - 1/2 a 1/5;http://esportes.social.mg.gov.br/images/documentos/editais_termos_de_parceria/1-relatorio_gerencial_financeiro.pdf;
TP_046/2018;Relatório da Comissão de Avaliação;2º Relatório da Comissão de Avaliação;2018 - 1/6 a 1/8;http://esportes.social.mg.gov.br/images/documentos/bolsa_atleta/2%C2%BA_Relat%C3%B3rio_da_Comiss%C3%A3o_de_Avalia%C3%A7%C3%A3o_do_Termo_de_Parceria_2%C2%BA_per%C3%ADodo_avaliat%C3%B3rio.pdf;
TP_046/2018;Relatório de Monitoramento;2º Relatório de Monitoramento;2018 - 1/6 a 1/8;http://esportes.social.mg.gov.br/images/documentos/editais_termos_de_parceria/2019/relatorio-monitoramento-5-periodo-avaliatorio.pdf;
TP_046/2018;Relatório Gerencial de Resultados;2º Relatório Gerencial de Resultados;2018 - 1/6 a 1/8;http://esportes.social.mg.gov.br/images/documentos/editais_termos_de_parceria/2%20Relatrio%20Gerencial%20de%20Resultados.pdf;
TP_046/2018;Relatório Gerencial Financeiro;2º Relatório Gerencial Financeiro;2018 - 1/6 a 1/8;http://esportes.social.mg.gov.br/images/documentos/bolsa_atleta/2%C2%BA_Relat%C3%B3rio_Gerencial_Financeiro_Gerencial_SITE.pdf;
TP_046/2018;Relatório da Comissão de Avaliação;3º Relatório da Comissão de Avaliação;2018 - 1/9 a 1/12;http://esportes.social.mg.gov.br/images/documentos/editais_termos_de_parceria/2019/3%20Relatorio%20Comissao%20de%20Avaliacao.pdf;
TP_046/2018;Relatório de Monitoramento;3º Relatório de Monitoramento;2018 - 1/9 a 1/12;http://esportes.social.mg.gov.br/images/documentos/Doc_Novos_2019/6%20Relatrio%20de%20Monitoramento.pdf;
TP_046/2018;Relatório Gerencial de Resultados;3º Relatório Gerencial de Resultados;2018 - 1/9 a 1/12;http://esportes.social.mg.gov.br/images/documentos/editais_termos_de_parceria/2019/3%20Relatorio%20de%20Resultados.pdf;
TP_046/2018;Relatório Gerencial Financeiro;3º Relatório Gerencial Financeiro;2018 - 1/9 a 1/12;http://esportes.social.mg.gov.br/images/documentos/editais_termos_de_parceria/2019/3%20Relat%C3%B3rio%20Financeiro%20Retificado.pdf;
TP_046/2018;Relatório da Comissão de Avaliação;4º Relatório da Comissão de Avaliação;2019 - 1/1 a 1/3;http://esportes.social.mg.gov.br/images/documentos/editais_termos_de_parceria/2019/4-relatorio-comissao-avaliacaoTP_46-2019.pdf;
TP_046/2018;Relatório Gerencial de Resultados;4º Relatório Gerencial de Resultados;2019 - 1/1 a 1/3;http://esportes.social.mg.gov.br/images/documentos/editais_termos_de_parceria/2019/4-relatorio-gerencial-resultados.pdf;
TP_046/2018;Relatório Gerencial Financeiro;4º Relatório Gerencial Financeiro;2019 - 1/1 a 1/3;http://esportes.social.mg.gov.br/images/documentos/editais_termos_de_parceria/2019/4-relatorio-gerencial-financeiro.pdf;
TP_046/2018;Relatório da Comissão de Avaliação;5º Relatório da Comissão de Avaliação;2019 - 1/4 a 1/6;http://esportes.social.mg.gov.br/images/documentos/editais_termos_de_parceria/2019/5-relatorio-comissao-avaliacao.pdf;
TP_046/2018;Relatório Gerencial de Resultados;5º Relatório Gerencial de Resultados;2019 - 1/4 a 1/6;http://esportes.social.mg.gov.br/images/documentos/editais_termos_de_parceria/2019/5-relatorio-gerencial-resultados.pdf;
TP_046/2018;Relatório Gerencial Financeiro;5º Relatório Gerencial Financeiro;2019 - 1/4 a 1/6;http://esportes.social.mg.gov.br/images/documentos/editais_termos_de_parceria/2019/5-relatorio-gerencial-financeiro.pdf;
TP_046/2018;Relatório da Comissão de Avaliação;6º Relatório da Comissão de Avaliação;2019 - 1/7 a 1/9;http://esportes.social.mg.gov.br/images/documentos/Doc_Novos_2019/6%20Relatrio%20Comisso%20de%20Avaliao.pdf;
TP_046/2018;Relatório Gerencial de Resultados;6º Relatório Gerencial de Resultados;2019 - 1/7 a 1/9;http://esportes.social.mg.gov.br/images/documentos/Doc_Novos_2019/6%20Relatrio%20de%20Resultados%201%200.pdf;
TP_046/2018;Relatório Gerencial Financeiro;6º Relatório Gerencial Financeiro;2019 - 1/7 a 1/9;http://esportes.social.mg.gov.br/images/documentos/Doc_Novos_2019/6%20Relatrio%20Financeiro.pdf;
TP_048/2018;Relatório da Comissão de Avaliação;1º Relatório da Comissão de Avaliação;2018 - 1/5 a 1/7;http://www.feam.br/images/stories/2019/MINAS_SEM_LIXOES/termo_parceria-48-18/Relat%C3%B3rio_da_Comiss%C3%A3o_de_Avalia%C3%A7%C3%A3o_28-08.pdf;
TP_048/2018;Relatório de Monitoramento;1º Relatório de Monitoramento;2018 - 1/5 a 1/7;http://www.feam.br/images/stories/2019/MINAS_SEM_LIXOES/termo_parceria-48-18/1%C2%BA_Relatorio_Monitoramento_per%C3%ADodo_01-11-18_a_31-01-19.pdf;
TP_048/2018;Relatório Gerencial de Resultados;1º Relatório Gerencial de Resultados;2018 - 1/5 a 1/7;http://www.feam.br/images/stories/2019/MINAS_SEM_LIXOES/termo_parceria-48-18/Relat%C3%B3rio_Gerencial_de_Resultados.pdf;
TP_048/2018;Relatório Gerencial Financeiro;1º Relatório Gerencial Financeiro;2018 - 1/5 a 1/7;http://www.feam.br/images/stories/2019/MINAS_SEM_LIXOES/termo_parceria-48-18/1%C2%AA_Retifica%C3%A7%C3%A3o_ao_1%C2%BA_Relat%C3%B3rio_Gerencial_Financeiro.pdf;
TP_048/2018;Relatório da Comissão de Avaliação;2º Relatório da Comissão de Avaliação;2018 - 1/8 a 1/10;http://www.feam.br/images/stories/2019/MINAS_SEM_LIXOES/termo_parceria-48-18/2_Relat%C3%B3rio_da_Comiss%C3%A3o_de_Avalia%C3%A7%C3%A3o_1.pdf;
TP_048/2018;Relatório de Monitoramento;2º Relatório de Monitoramento;2018 - 1/8 a 1/10;http://www.feam.br/images/stories/2019/MINAS_SEM_LIXOES/termo_parceria-48-18/2%C2%BA_Relat%C3%B3rio_de_Monitoramento_4o_Per%C3%ADodo_Avaliat%C3%B3rio_FEAM.pdf;
TP_048/2018;Relatório Gerencial de Resultados;2º Relatório Gerencial de Resultados;2018 - 1/8 a 1/10;http://www.feam.br/images/stories/2019/MINAS_SEM_LIXOES/termo_parceria-48-18/2%C2%BA_Relat%C3%B3rio_Gerencial_de_Resultados.pdf;
TP_048/2018;Relatório Gerencial Financeiro;2º Relatório Gerencial Financeiro;2018 - 1/8 a 1/10;0;
TP_048/2018;Relatório da Comissão de Avaliação;3º Relatório da Comissão de Avaliação;2019 - 1/11 a 1/1;http://www.feam.br/images/stories/2019/MINAS_SEM_LIXOES/termo_parceria-48-18/3%C2%BA_Relatorio_da_Comissao_Avaliacao.pdf;
TP_048/2018;Relatório de Monitoramento;3º Relatório de Monitoramento;2019 - 1/11 a 1/1;http://www.feam.br/images/stories/2019/MINAS_SEM_LIXOES/3_Relat%C3%B3rio_de_Monitoramento_5%C2%BA_PA_FINAL_assinado.pdf;
TP_048/2018;Relatório Gerencial de Resultados;3º Relatório Gerencial de Resultados;2019 - 1/11 a 1/1;http://www.feam.br/images/stories/2019/MINAS_SEM_LIXOES/termo_parceria-48-18/3%C2%BA_Relat%C3%B3rio_Gerencial_de_Resultados.pdf;
TP_048/2018;Relatório Gerencial Financeiro;3º Relatório Gerencial Financeiro;2019 - 1/11 a 1/1;0;
TP_048/2018;Relatório da Comissão de Avaliação;4º Relatório da Comissão de Avaliação;2019 - 1/2 a 1/3;http://www.feam.br/images/stories/2019/MINAS_SEM_LIXOES/termo_parceria-48-18/4%C2%BA_Relatorio_da_Comissao_de_Avaliacao_assinado.pdf;
TP_048/2018;Relatório de Monitoramento;4º Relatório de Monitoramento;2019 - 1/2 a 1/3;http://www.feam.br/images/stories/2019/MINAS_SEM_LIXOES/termo_parceria-48-18/4%C2%BA_Relorio_de_Monitoramento_assinado_6_PA.pdf;
TP_048/2018;Relatório Gerencial de Resultados;4º Relatório Gerencial de Resultados;2019 - 1/2 a 1/3;http://www.feam.br/images/stories/2019/MINAS_SEM_LIXOES/termo_parceria-48-18/Relat%C3%B3rio_de_Resultados_4PA_15042019.pdf;
TP_048/2018;Relatório Gerencial Financeiro;4º Relatório Gerencial Financeiro;2019 - 1/2 a 1/3;0;
TP_048/2018;Relatório da Comissão de Avaliação;5º Relatório da Comissão de Avaliação;2019 - 1/4 a 1/6;http://www.feam.br/images/stories/2019/MINAS_SEM_LIXOES/termo_parceria-48-18/5%C2%BA_Relat%C3%B3rio_da_Comissao_de_Avaliacao.pdf;
TP_048/2018;Relatório de Monitoramento;5º Relatório de Monitoramento;2019 - 1/4 a 1/6;http://www.feam.br/images/stories/2020/MINAS_SEM_LIXOES/TERMO_48-2018/5%C2%BA_Relat%C3%B3rio_de_Monitoramento_7PA.pdf;
TP_048/2018;Relatório Gerencial de Resultados;5º Relatório Gerencial de Resultados;2019 - 1/4 a 1/6;http://www.feam.br/images/stories/2019/MINAS_SEM_LIXOES/termo_parceria-48-18/5_Relatorio_de_Resultados.pdf;
TP_048/2018;Relatório Gerencial Financeiro;5º Relatório Gerencial Financeiro;2019 - 1/4 a 1/6;0;
TP_048/2018;Relatório da Comissão de Avaliação;6º Relatório da Comissão de Avaliação;2019 - 1/7 a 1/9;http://www.feam.br/images/stories/2019/MINAS_SEM_LIXOES/termo_parceria-48-18/6%C2%BA_Relatorio_da_Comiss%C3%A3o_de_Avalia%C3%A7%C3%A3o.pdf;
TP_048/2018;Relatório Gerencial de Resultados;6º Relatório Gerencial de Resultados;2019 - 1/7 a 1/9;http://www.feam.br/images/stories/2019/MINAS_SEM_LIXOES/termo_parceria-48-18/6%C2%BA_Relatorio_de_Resultados.pdf;
TP_048/2018;Relatório Gerencial Financeiro;6º Relatório Gerencial Financeiro;2019 - 1/7 a 1/9;0;
TP_048/2018;Relatório da Comissão de Avaliação;7º Relatório da Comissão de Avaliação;2019 - 1/10 a 1/12;http://www.feam.br/images/stories/2020/MINAS_SEM_LIXOES/TERMO_48-2018/Relatorio_da_comissao_de_avaliacao_7PA_Final.pdf;
TP_048/2018;Relatório Gerencial de Resultados;7º Relatório Gerencial de Resultados;2019 - 1/10 a 1/12;http://www.feam.br/images/stories/2020/MINAS_SEM_LIXOES/TERMO_48-2018/OfA__cio_009__2020_Gesois_20_01_e_RT_pdf.pdf;
TP_048/2018;Relatório Gerencial Financeiro;7º Relatório Gerencial Financeiro;2019 - 1/10 a 1/12;0;
TP_049/2020;Relatório da Comissão de Avaliação;1º Relatório da Comissão de Avaliação;2020 - 1/3 a 1/3;http://social.mg.gov.br/images/termos-de-parceria/2021/RELATRIO-COMISSO-DE-AVALIAO-1-PERODO-AVALIATRIO.pdf;
TP_049/2020;Relatório de Monitoramento;1º Relatório de Monitoramento;2020 - 1/3 a 1/3;http://social.mg.gov.br/images/Esportes/JEMG/2020/SEI_GOVMG---21850451---Relatrio-1-Perodo-Avaliatrio.pdf;
TP_049/2020;Relatório de Resultados;1º Relatório de Resultados;2020 - 1/3 a 1/3;http://social.mg.gov.br/images/Esportes/JEMG/2020/1__Relatorio_de_Resultados.pdf;
TP_049/2020;Relatório Gerencial Financeiro;1º Relatório Gerencial Financeiro;2020 - 1/3 a 1/3;http://social.mg.gov.br/images/Esportes/JEMG/2020/1__Relatorio_Financeiro.pdf;
TP_049/2020;Relatório da Comissão de Avaliação;2º Relatório da Comissão de Avaliação;2020 - 1/4 a 1/6;http://social.mg.gov.br/images/termos-de-parceria/2021/RELATRIO-COMISSO-DE-AVALIAO-2-PERODO-AVALIATRIO.pdf;
TP_049/2020;Relatório de Monitoramento;2º Relatório de Monitoramento;2020 - 1/4 a 1/6;http://social.mg.gov.br/images/Esportes/JEMG/2020/SEI_GOVMG---21854121---Relatrio-2-Perodo-Avaliatrio.pdf;
TP_049/2020;Relatório de Resultados;2º Relatório de Resultados;2020 - 1/4 a 1/6;http://social.mg.gov.br/images/Esportes/JEMG/2020/2-Relatrio-de-Resultados.pdf;
TP_049/2020;Relatório Gerencial Financeiro;2º Relatório Gerencial Financeiro;2020 - 1/4 a 1/6;http://social.mg.gov.br/images/Esportes/JEMG/2020/Relatrio-financeiro-2-Perodo-Avaliatrio.pdf;
TP_049/2020;Relatório da Comissão de Avaliação;3º Relatório da Comissão de Avaliação;2020 - 1/7 a 1/9;http://social.mg.gov.br/images/termos-de-parceria/2021/RELATRIO-COMISSO-DE-AVALIAO-3-PERODO-AVALIATRIO.pdf;
TP_049/2020;Relatório de Monitoramento;3º Relatório de Monitoramento;2020 - 1/7 a 1/9;http://social.mg.gov.br/images/Esportes/JEMG/2020/SEI_GOVMG---21857277---Relatrio-3-Perodo-Avaliatrio.pdf;
TP_049/2020;Relatório de Resultados;3º Relatório de Resultados;2020 - 1/7 a 1/9;http://social.mg.gov.br/images/Esportes/JEMG/2020/3-Relatrio-de-Resultados.docx.pdf;
TP_049/2020;Relatório Gerencial Financeiro;3º Relatório Gerencial Financeiro;2020 - 1/7 a 1/9;http://social.mg.gov.br/images/Esportes/JEMG/2020/3-Relatorio-Financeiro.pdf;
TP_049/2020;Relatório de Monitoramento;3º Relatório de Monitoramento;2020 - 1/7 a 1/9;https://social.mg.gov.br/images/Esportes/JEMG/2020/SEI_GOVMG---21857277---Relatrio-3-Perodo-Avaliatrio.pdf;
TP_049/2020;Relatório da Comissão de Avaliação;4º Relatório da Comissão de Avaliação;2020 - 1/10 a 31/12;http://social.mg.gov.br/images/termos-de-parceria/2021/RELATRIO-COMISSO-DE-AVALIAO-4-PERODO-AVALIATRIO.pdf;
TP_049/2020;Relatório de Monitoramento;4º Relatório de Monitoramento;2020 - 1/10 a 31/12;http://social.mg.gov.br/images/Esportes/JEMG/2021/SEI_GOVMG_-_24272502_-_Relat%C3%B3rio.pdf;
TP_049/2020;Relatório de Resultados;4º Relatório de Resultados;2020 - 1/10 a 31/12;http://social.mg.gov.br/images/termos-de-parceria/2021/RELATRIO-DE-RESULTADOS-4-PERODO-AVALIATRIO.pdf;
TP_049/2020;Relatório Gerencial Financeiro;4º Relatório Gerencial Financeiro;2020 - 1/10 a 31/12;http://social.mg.gov.br/images/Esportes/JEMG/4%C2%BA_Relat%C3%B3rio_Financeiro_4%C2%BA_Per%C3%ADodo_Avaliat%C3%B3rio_2.pdf;
TP_049/2020;Relatório da Comissão de Avaliação;5º Relatório da Comissão de Avaliação;2021 - 1/1 a 31/3;http://social.mg.gov.br/images/Esportes/JEMG/2021/5-Relatrio-de-Avaliao-do-TP-49.2020.pdf;
TP_049/2020;Relatório de Monitoramento;5º Relatório de Monitoramento;2021 - 1/1 a 31/3;http://social.mg.gov.br/images/Esportes/JEMG/2021/5-Relatrio-de-Monitoramento-do-TP-49.2020.pdf;
TP_049/2020;Relatório de Resultados;5º Relatório de Resultados;2021 - 1/1 a 31/3;http://social.mg.gov.br/images/Esportes/JEMG/2021/5-Relatrio-de-Resultados-do-TP-49.2020.pdf;
TP_049/2020;Relatório da Comissão de Avaliação;6º Relatório da Comissão de Avaliação;2021 - 1/4 a 30/6;http://social.mg.gov.br/images/Esportes/JEMG/2021/6-Relatrio-de-Avaliao-1.pdf;
TP_049/2020;Relatório de Monitoramento;6º Relatório de Monitoramento;2021 - 1/4 a 30/6;http://social.mg.gov.br/images/Esportes/JEMG/2021/6-Relatrio-de-Monitoramento.pdf;
TP_049/2020;Relatório de Resultados;6º Relatório de Resultados;2021 - 1/4 a 30/6;http://social.mg.gov.br/images/Esportes/JEMG/2021/6__Relatorio_de_Resultados.pdf;
TP_049/2020;Relatório da Comissão de Avaliação;7º Relatório da Comissão de Avaliação;2021 - 1/7 a 30/9;http://social.mg.gov.br/images/Esportes/JEMG/2021/7SEI_GOVMG---36591213---Relatrio.pdf;
TP_049/2020;Relatório de Monitoramento;7º Relatório de Monitoramento;2021 - 1/7 a 30/9;http://social.mg.gov.br/images/Esportes/JEMG/2021/7SEI_GOVMG---36556043---Relatrio.pdf;
TP_049/2020;Relatório de Resultados;7º Relatório de Resultados;2021 - 1/7 a 30/9;http://social.mg.gov.br/images/Esportes/JEMG/2021/7-Relatrio-de-Resultados.pdf;
TP_049/2020;Relatório da Comissão de Avaliação;8º Relatório da Comissão de Avaliação;2021 - 1/10 a 31/12;https://social.mg.gov.br/images/Esportes/JEMG/2021/8Relatrio-de-Avaliao.pdf;
TP_049/2020;Relatório de Monitoramento;8º Relatório de Monitoramento;2021 - 1/10 a 31/12;https://social.mg.gov.br/images/Esportes/JEMG/2021/8Relatrio-de-Monitoramento.pdf;
TP_049/2020;Relatório de Resultados;8º Relatório de Resultados;2021 - 1/10 a 31/12;https://social.mg.gov.br/images/Esportes/JEMG/2021/8__Relatorio_de_Resultados.pdf;
TP_049/2020;Relatório de Resultados;9º Relatório de Resultados;2021/2022 - 1/1 a 31/3;https://social.mg.gov.br/images/Esportes/JEMG/2022/9-Relatrio-de-Resultados---Perodo-Avaliatrio---1-de-janeiro-de-2022-a-31-de-maro-de-2022.pdf;
TP_049/2020;Relatório de Monitoramento;9º Relatório de Monitoramento;2021/2022 - 1/1 a 31/3;https://social.mg.gov.br/images/Esportes/JEMG/2022/SEI_GOVMG---45357466---Relatrio-de-Monitoramento-9-Perodo-Avaliatrio---SEDESE-SUBESP-CSTP.pdf;
TP_049/2020;Relatório da Comissão de Avaliação;9º Relatório da Comissão de Avaliação;2021/2022 - 1/1 a 31/3;https://social.mg.gov.br/images/Esportes/JEMG/2022/SEI_GOVMG---45490988---Relatrio-de-Avaliao---9-Perodo-Avaliatrio---SEDESE-SUBESP-CSTP.pdf;
TP_049/2020;Relatório de Resultados;10º Relatório de Resultados;2022 - 1/4 a 30/6;https://social.mg.gov.br/images/Esportes/JEMG/2022/10-Relatrio-de-Resultados---Retificado.pdf;
TP_049/2020;Relatório de Monitoramento;10º Relatório de Monitoramento;2022 - 1/4 a 30/6;https://social.mg.gov.br/images/Esportes/JEMG/2022/10-Relatrio-de-Monitoramento-do-Termo-de-Parceria-n-49-de-2020.pdf;
TP_049/2020;Relatório da Comissão de Avaliação;10º Relatório da Comissão de Avaliação;2022 - 1/4 a 30/6;https://social.mg.gov.br/images/Esportes/JEMG/2022/10-Relatrio-de-Avaliao-do-Termo-de-Parceria-n-49-de-2020.pdf;
TP_049/2020;Relatório de Resultados;11º Relatório de Resultados;2022 - 1/7 a 30/9;https://social.mg.gov.br/images/Esportes/2022/11-Relatrio-de-Resultados---Termo-de-Parceria-n-49_2020.pdf;
TP_049/2020;Relatório de Monitoramento;11º Relatório de Monitoramento;2022 - 1/7 a 30/9;https://social.mg.gov.br/images/CEJUVE/11-Relatrio-de-Monitoramento-do-Termo-de-Parceria-n-49-de-2020.pdf;
TP_049/2020;Relatório da Comissão de Avaliação;11º Relatório da Comissão de Avaliação;2022 - 1/7 a 30/9;https://social.mg.gov.br/images/CEJUVE/11-Relatrio-de-Avaliao-do-Termo-de-Parceria-n-49-de-2020.pdf;
TP_050/2020;Relatório da Comissão de Avaliação;1º Relatório da Comissão de Avaliação;2020 - 1/8 a 1/10;http://iepha.mg.gov.br/images/Termo_de_Parceria/Termo_Parceria_50_2020/SEI_GOVMG_-_23385206_-_Relat%C3%B3rio_Comiss%C3%A3o_de_Avalia%C3%A7%C3%A3o_1%C2%BA_PA.pdf;
TP_050/2020;Relatório de Monitoramento;1º Relatório de Monitoramento;2020 - 1/8 a 1/10;http://iepha.mg.gov.br/images/Termo_de_Parceria/Termo_Parceria_50_2020/SEI_GOVMG_-_22985751_-_Relat%C3%B3rio_Monioramento_1_PA.pdf;
TP_050/2020;Relatório de Resultados;1º Relatório de Resultados;2020 - 1/8 a 1/10;http://www.iepha.mg.gov.br/images/Termo_de_Parceria/Termo_Parceria_50_2020/relatorios_resultados/Relat%C3%B3rio_de_Resultados_IEPHA_-_1%C2%BA_PA_2.pdf;
TP_050/2020;Relatório da Comissão de Avaliação;2º Relatório da Comissão de Avaliação;2020 - 1/11 a 1/12;http://iepha.mg.gov.br/images/Termo_de_Parceria/Termo_Parceria_50_2020/SEI_GOVMG_-_25399728_-_Relat%C3%B3rio_Comiss%C3%A3o_de_Avalia%C3%A7%C3%A3o.pdf;
TP_050/2020;Relatório de Monitoramento;2º Relatório de Monitoramento;2020 - 1/11 a 1/12;http://iepha.mg.gov.br/images/Termo_de_Parceria/Termo_Parceria_50_2020/24767178_RelatorioMonitoram.pdf;
TP_050/2020;Relatório de Resultados;2º Relatório de Resultados;2020 - 1/11 a 1/12;http://www.iepha.mg.gov.br/images/Termo_de_Parceria/Termo_Parceria_50_2020/relatorios_resultados/2%C2%BA_Relatorio_de_resultados.pdf;
TP_050/2020;Relatório da Comissão de Avaliação;3º Relatório da Comissão de Avaliação;2021 - 1/1 a 1/3;http://www.iepha.mg.gov.br/images/Termo_de_Parceria/Termo_Parceria_50_2020/Relatorio_Comissao_Avaliacao.pdf;
TP_050/2020;Relatório de Monitoramento;3º Relatório de Monitoramento;2021 - 1/1 a 1/3;http://www.iepha.mg.gov.br/images/Termo_de_Parceria/Termo_Parceria_50_2020/Relatorio_Gerencial_de_Monitoramento.pdf;
TP_050/2020;Relatório de Resultados;3º Relatório de Resultados;2021 - 1/1 a 1/3;http://www.iepha.mg.gov.br/images/Termo_de_Parceria/Termo_Parceria_50_2020/relatorios_resultados/3%C2%BA_relatorio_de_resultados_assinado_.pdf;
TP_050/2020;Relatório da Comissão de Avaliação;4º Relatório da Comissão de Avaliação;2021 - 1/4 a 1/6;http://www.iepha.mg.gov.br/images/Termo_de_Parceria/Termo_Parceria_50_2020/Relat%C3%B3rio_Comiss%C3%A3o_de_Avalia%C3%A7%C3%A3o_-_4%C2%BA_Periodo_Avaliat%C3%B3rio.pdf;
TP_050/2020;Relatório de Monitoramento;4º Relatório de Monitoramento;2021 - 1/4 a 1/6;http://www.iepha.mg.gov.br/images/Termo_de_Parceria/Termo_Parceria_50_2020/Relatorio_Gerencial_de_Monitoramento_-_4%C2%BA_Periodo_Avaliat%C3%B3rio.pdf;
TP_050/2020;Relatório de Resultados;4º Relatório de Resultados;2021 - 1/4 a 1/6;http://www.iepha.mg.gov.br/images/Termo_de_Parceria/Termo_Parceria_50_2020/relatorios_resultados/4%C2%BA_relatorio_de_resultados.pdf;
TP_050/2020;Relatório da Comissão de Avaliação;5º Relatório da Comissão de Avaliação;2021 - 1/7 a 1/9;http://www.iepha.mg.gov.br/images/Termo_de_Parceria/Termo_Parceria_50_2020/5_periodo_avaliatorio/Relatorio_Comissao_Avaliacao_Quinto_Periodo_Avaliatorio.pdf;
TP_050/2020;Relatório de Monitoramento;5º Relatório de Monitoramento;2021 - 1/7 a 1/9;http://www.iepha.mg.gov.br/images/Termo_de_Parceria/Termo_Parceria_50_2020/5_periodo_avaliatorio/Relatorio_Gerencial_Monitoramento_Quinto_Periodo_Avaliatorio.pdf;
TP_050/2020;Relatório de Monitoramento;5º Relatório de Monitoramento;2021 - 1/7 a 1/9;http://www.iepha.mg.gov.br/images/Termo_de_Parceria/Termo_Parceria_50_2020/5_periodo_avaliatorio/Relatorio_Gerencial_Monitoramento_Quinto_PEriodo_Avaliat%C3%B3rio_Retificacao.pdf;
TP_050/2020;Relatório de Resultados;5º Relatório de Resultados;2021 - 1/7 a 1/9;http://www.iepha.mg.gov.br/images/Termo_de_Parceria/Termo_Parceria_50_2020/5_periodo_avaliatorio/Relatorio_de_Resultados_Quinto_Periodo_Avaliatorio.pdf;
TP_050/2020;Relatório de Resultados;5º Relatório de Resultados;2021 - 1/7 a 1/9;http://www.iepha.mg.gov.br/images/Termo_de_Parceria/Termo_Parceria_50_2020/5_periodo_avaliatorio/Relat%C3%B3rio_de_Resultados_Quinto_Periodo_Avaliatorio_Retificacao.pdf;
TP_050/2020;Relatório da Comissão de Avaliação;6º Relatório da Comissão de Avaliação;2021 - 1/10 a 1/12;http://www.iepha.mg.gov.br/images/Termo_de_Parceria/Termo_Parceria_50_2020/6_PERIODO_AVALIATORIO/Relat%C3%B3rio_Comiss%C3%A3o_de_Avalia%C3%A7%C3%A3o_6%C2%BA_Periodo_Avaliat%C3%B3rio.pdf;
TP_050/2020;Relatório de Monitoramento;6º Relatório de Monitoramento;2021 - 1/10 a 1/12;http://www.iepha.mg.gov.br/images/Termo_de_Parceria/Termo_Parceria_50_2020/6_PERIODO_AVALIATORIO/Relat%C3%B3rio_Gerencial_de_Monitoramento_6%C2%BA_Per%C3%ADodo_Avaliat%C3%B3rio-compactado.pdf;
TP_050/2020;Relatório de Resultados;6º Relatório de Resultados;2021 - 1/10 a 1/12;http://www.iepha.mg.gov.br/images/Termo_de_Parceria/Termo_Parceria_50_2020/6_PERIODO_AVALIATORIO/Relat%C3%B3rio_de_Resultados_-_6%C2%BA_Per%C3%ADodo_Avaliat%C3%B3rio.pdf;
TP_050/2020;Relatório da Comissão de Avaliação;7º Relatório da Comissão de Avaliação;2022 - 1/1 a 1/3;http://www.iepha.mg.gov.br/images/Termo_de_Parceria/Termo_Parceria_50_2020/7_PA/Relat%C3%B3rio_Comissao_Avaliacao_7PA.pdf;
TP_050/2020;Relatório da Comissão de Monitoramento;7º Relatório da Comissão de Monitoramento;2022 - 1/1 a 1/3;http://www.iepha.mg.gov.br/images/Termo_de_Parceria/Termo_Parceria_50_2020/7_PA/Relatorio_de_Monitoramento_7PA.pdf;
TP_050/2020;Relatório de Resultados;7º Relatório de Resultados;2022 - 1/1 a 1/3;http://www.iepha.mg.gov.br/images/Termo_de_Parceria/Termo_Parceria_50_2020/7_PA/Relatorio_de_Resultados_7PA.pdf;
TP_050/2020;Relatório da Comissão de Avaliação;8º Relatório da Comissão de Avaliação;2022 - 1/4 a 1/6;http://www.iepha.mg.gov.br/images/Termo_de_Parceria/Termo_Parceria_50_2020/8_PA/relat%C3%B3rio_de_CA.pdf;
TP_050/2020;Relatório da Comissão de Monitoramento;8º Relatório da Comissão de Monitoramento;2022 - 1/4 a 1/6;http://www.iepha.mg.gov.br/images/Termo_de_Parceria/Termo_Parceria_50_2020/8_PA/relat%C3%B3rio_de_minitoramento_8_pa.pdf;
TP_050/2020;Relatório de Resultados;8º Relatório de Resultados;2022 - 1/4 a 1/6;http://www.iepha.mg.gov.br/images/Termo_de_Parceria/Termo_Parceria_50_2020/8_PA/8__relatorio_de_resultados.pdf;
TP_050/2020;Relatório de Resultados;9º Relatório de Resultados;2022 - 1/7 a 1/9;http://www.iepha.mg.gov.br/images/Termo_de_Parceria/Termo_Parceria_50_2020/9_PA/Relat%C3%B3rio_de_Resultados_9_PA_TP-compactado.pdf;
TP_050/2020;Relatório da Comissão de Monitoramento;9º Relatório da Comissão de Monitoramento;2022 - 1/7 a 1/9;http://www.iepha.mg.gov.br/images/Termo_de_Parceria/Termo_Parceria_50_2020/9_PA/Relat%C3%B3rio_de_Monitoramento_9_PA_TP.pdf;
TP_050/2020;Relatório da Comissão de Avaliação;9º Relatório da Comissão de Avaliação;2022 - 1/7 a 1/9;http://www.iepha.mg.gov.br/images/Termo_de_Parceria/Termo_Parceria_50_2020/9_PA/Relat%C3%B3rio_Comiss%C3%A3o_de_Avalia%C3%A7%C3%A3o_9PA_TP.pdf;
TP_051/2021;Relatório de Resultados;1º Relatório de Resultados;2022 - 1/1 a 31/3;http://www.ief.mg.gov.br/images/stories/2022/TRANSPARENCIA/1_PA_-_Relat%C3%B3rio_de_Resultados_-_TP_51-2021.pdf;
TP_051/2021;Relatório de Monitoramento;1º Relatório de Monitoramento;2022 - 1/1 a 31/3;http://www.ief.mg.gov.br/images/stories/2022/TRANSPARENCIA/1_PA_-_Relat%C3%B3rio_de_Monitoramento_-_TP_51-2021.pdf;
TP_051/2021;Relatório da Comissão de Avaliação;1º Relatório da Comissão de Avaliação;2022 - 1/1 a 31/3;http://www.ief.mg.gov.br/images/stories/2022/TRANSPARENCIA/1_PA_-_Relat%C3%B3rio_de_Avalia%C3%A7%C3%A3o_-_TP_51-2021.pdf;
TP_051/2021;Relatório de Resultados;2º Relatório de Resultados;2022 - 1/4 a 30/6;http://www.ief.mg.gov.br/images/stories/2022/TRANSPARENCIA/2PA_Relat%C3%B3rio_de_Resultados-.pdf;
TP_051/2021;Relatório da Comissão de Monitoramento;2º Relatório da Comissão de Monitoramento;2022 - 1/4 a 30/6;http://www.ief.mg.gov.br/images/stories/2022/TRANSPARENCIA/Relat%C3%B3rio_de_Monitoramento_2-.pdf;
TP_051/2021;Relatório da Comissão de Avaliação;2º Relatório da Comissão de Avaliação;2022 - 1/4 a 30/6;http://www.ief.mg.gov.br/images/stories/2022/TRANSPARENCIA/Relat%C3%B3rio_de_Avalia%C3%A7%C3%A3o_2-.pdf;
TP_049/2020;Relatório de Resultados;12º Relatório de Resultados;2022 - 1/10 a 30/11;https://social.mg.gov.br/images/Esportes/2022/12-Relatrio-de-Resultados---Termo-de-Parceria-n-49_2020.pdf;
TP_049/2020;Relatório de Monitoramento;12º Relatório de Monitoramento;2022 - 1/10 a 30/11;https://social.mg.gov.br/images/Esportes/2022/Relatorio-de-Monitoramento-12-Perodo-Avaliatrio---Termo-de-Parceria-n-49_2020.pdf;
TP_049/2020;Relatório da Comissão de Avaliação;12º Relatório da Comissão de Avaliação;2022 - 1/10 a 30/11;0;
;;;;0;
;;;;0;
;;;;0;
;;;;0;
;;;;0;
;;;;0;
;;;;0;
;;;;0;
;;;;0;
;;;;0;
;;;;0;
;;;;0;
;;;;0;
;;;;0;
;;;;0;
;;;;0;
;;;;0;
;;;;0;
;;;;0;
;;;;0;
;;;;0;
;;;;0;
;;;;0;
;;;;0;
;;;;0;
;;;;0;
;;;;0;
;;;;0;
;;;;0;
;;;;0;
;;;;0;
;;;;0;
;;;;0;
;;;;0;
;;;;0;
;;;;0;
;;;;0;
;;;;0;
;;;;0;
;;;;0;
;;;;0;
;;;;0;
;;;;0;
;;;;0;
;;;;0;
;;;;0;
;;;;0;
;;;;0;
;;;;0;
;;;;0;
;;;;0;
;;;;0;
;;;;0;
;;;;0;
;;;;0;
;;;;0;
;;;;0;
;;;;0;
;;;;0;
;;;;0;
;;;;0;
;;;;0;
;;;;0;
;;;;0;
;;;;0;
;;;;0;
;;;;0;
;;;;0;
;;;;0;
;;;;0;
;;;;0;
;;;;0;
;;;;0;
;;;;0;
;;;;0;
;;;;0;
;;;;0;
;;;;0;
;;;;0;
;;;;0;
;;;;0;
;;;;0;
;;;;0;
;;;;0;
;;;;0;
;;;;0;
;;;;0;
;;;;0;
;;;;0;
;;;;0;
;;;;0;
;;;;0;
;;;;0;
;;;;0;
;;;;0;
;;;;0;
;;;;0;
;;;;0;
;;;;0;
;;;;0;
;;;;0;
;;;;0;
;;;;0;
;;;;0;
;;;;0;
;;;;0;
;;;;0;
;;;;0;
;;;;0;
;;;;0;
;;;;0;
;;;;0;
;;;;0;
;;;;0;
;;;;0;
;;;;0;
;;;;0;
;;;;0;
;;;;0;
;;;;0;
;;;;0;
;;;;0;
;;;;0;
;;;;0;
;;;;0;
;;;;0;
